training_2025-04-21 22:18:59.658598.jpg,1,-1
training_2025-04-21 22:19:00.642143.jpg,1,0
training_2025-04-21 22:19:01.625453.jpg,1,-1
training_2025-04-21 22:19:02.621756.jpg,1,0
training_2025-04-21 22:19:03.620947.jpg,1,0
training_2025-04-21 22:19:04.621718.jpg,1,-1
training_2025-04-21 22:19:05.625321.jpg,1,-1
training_2025-04-21 22:19:06.624699.jpg,1,0
training_2025-04-21 22:19:07.624875.jpg,1,0
training_2025-04-21 22:19:08.630174.jpg,1,0
training_2025-04-21 22:19:09.638387.jpg,1,-1
training_2025-04-21 22:19:10.614087.jpg,1,0
training_2025-04-21 22:19:11.581672.jpg,1,0
training_2025-04-21 22:19:12.565242.jpg,1,1
training_2025-04-21 22:19:13.571220.jpg,1,1
training_2025-04-21 22:19:14.568035.jpg,1,0
training_2025-04-21 22:19:15.549104.jpg,1,1
training_2025-04-21 22:19:16.537242.jpg,1,1
training_2025-04-21 22:19:17.537816.jpg,1,0
training_2025-04-21 22:19:18.516056.jpg,1,1
training_2025-04-21 22:19:19.502914.jpg,1,0
training_2025-04-21 22:19:20.485509.jpg,1,-1
training_2025-04-21 22:19:21.473560.jpg,1,-1
training_2025-04-21 22:19:22.476955.jpg,1,-1
training_2025-04-21 22:19:23.477623.jpg,1,0
training_2025-04-21 22:19:24.479595.jpg,1,0
training_2025-04-21 22:19:25.460136.jpg,1,0
training_2025-04-21 22:19:26.445348.jpg,1,0
training_2025-04-21 22:19:27.434006.jpg,1,1
training_2025-04-21 22:19:28.432464.jpg,1,0
training_2025-04-21 22:19:29.413794.jpg,1,0
training_2025-04-21 22:19:30.402201.jpg,1,0
training_2025-04-21 22:19:31.368949.jpg,1,0
training_2025-04-21 22:19:32.367724.jpg,1,0
training_2025-04-21 22:19:33.333237.jpg,1,0
training_2025-04-21 22:19:34.295551.jpg,1,0
training_2025-04-21 22:19:35.264527.jpg,1,0
training_2025-04-21 22:19:36.232078.jpg,1,1
training_2025-04-21 22:19:37.195324.jpg,1,1
training_2025-04-21 22:19:38.161064.jpg,1,1
training_2025-04-21 22:19:39.148421.jpg,1,1
training_2025-04-21 22:19:40.135360.jpg,1,1
training_2025-04-21 22:19:41.179468.jpg,1,1
training_2025-04-21 22:19:42.171180.jpg,1,1
training_2025-04-21 22:19:43.178302.jpg,1,1
training_2025-04-21 22:19:44.192503.jpg,1,1
training_2025-04-21 22:19:45.194437.jpg,1,0
training_2025-04-21 22:19:46.179711.jpg,1,0
training_2025-04-21 22:20:58.828439.jpg,1,0
training_2025-04-21 22:20:59.823398.jpg,1,0
training_2025-04-21 22:21:00.849088.jpg,1,1
training_2025-04-21 22:21:01.850822.jpg,1,1
training_2025-04-21 22:21:02.827291.jpg,1,0
training_2025-04-21 22:22:23.875017.jpg,1,0
training_2025-04-21 22:22:24.839969.jpg,1,0
training_2025-04-21 22:22:25.813056.jpg,1,0
training_2025-04-21 22:22:26.813615.jpg,1,0
training_2025-04-21 22:22:27.786613.jpg,1,-1
training_2025-04-21 22:22:28.749663.jpg,1,0
training_2025-04-21 22:22:29.749369.jpg,1,-1
training_2025-04-21 22:22:30.719753.jpg,1,0
training_2025-04-21 22:22:31.718536.jpg,1,0
training_2025-04-21 22:22:32.691788.jpg,1,-1
training_2025-04-21 22:22:33.696955.jpg,1,0
training_2025-04-21 22:22:34.698493.jpg,1,-1
training_2025-04-21 22:22:35.701294.jpg,1,-1
training_2025-04-21 22:22:36.704158.jpg,1,-1
training_2025-04-21 22:22:37.706337.jpg,1,0
training_2025-04-21 22:22:38.703450.jpg,1,-1
training_2025-04-21 22:22:39.709022.jpg,1,-1
training_2025-04-21 22:22:40.675047.jpg,1,1
training_2025-04-21 22:22:41.680067.jpg,1,1
training_2025-04-21 22:22:42.689230.jpg,1,0
training_2025-04-21 22:22:43.692626.jpg,1,1
training_2025-04-21 22:22:44.717291.jpg,1,1
training_2025-04-21 22:22:45.693952.jpg,1,0
training_2025-04-21 22:22:46.701477.jpg,1,0
training_2025-04-21 22:22:47.702946.jpg,1,0
training_2025-04-21 22:22:48.705546.jpg,1,0
training_2025-04-21 22:22:50.707526.jpg,1,0
training_2025-04-21 22:22:51.716510.jpg,1,0
training_2025-04-21 22:22:52.710390.jpg,1,0
training_2025-04-21 22:22:53.714427.jpg,1,1
training_2025-04-21 22:22:54.677966.jpg,1,1
training_2025-04-21 22:22:55.680590.jpg,1,1
training_2025-04-21 22:22:56.640676.jpg,1,0
training_2025-04-21 22:22:57.611485.jpg,1,0
training_2025-04-21 22:22:58.589550.jpg,1,0
training_2025-04-21 22:22:59.569913.jpg,1,0
training_2025-04-21 22:23:00.542518.jpg,1,0
training_2025-04-21 22:23:01.510109.jpg,1,0
training_2025-04-21 22:23:02.474819.jpg,1,0
training_2025-04-21 22:23:03.437594.jpg,1,0
training_2025-04-21 22:23:04.402223.jpg,1,0
training_2025-04-21 22:23:05.372622.jpg,1,0
training_2025-04-21 22:23:06.373293.jpg,1,0
training_2025-04-21 22:23:07.374107.jpg,1,0
training_2025-04-21 22:23:08.351731.jpg,1,0
training_2025-04-21 22:23:09.348397.jpg,1,0
training_2025-04-21 22:23:10.368493.jpg,1,0
training_2025-04-21 22:23:11.349101.jpg,1,0
training_2025-04-21 22:23:12.313939.jpg,1,0
training_2025-04-21 22:23:13.322607.jpg,1,0
training_2025-04-21 22:23:14.319113.jpg,1,0
training_2025-04-21 22:23:15.319941.jpg,1,0
training_2025-04-21 22:23:16.318419.jpg,1,0
training_2025-04-21 22:23:17.324387.jpg,1,0
training_2025-04-21 22:23:18.328418.jpg,1,0
training_2025-04-21 22:23:19.327293.jpg,1,0
training_2025-04-21 22:23:20.294453.jpg,1,0
training_2025-04-21 22:23:21.296063.jpg,1,0
training_2025-04-21 22:23:22.261362.jpg,1,0
training_2025-04-21 22:23:23.263103.jpg,1,0
training_2025-04-21 22:23:24.259627.jpg,1,0
training_2025-04-21 22:23:25.264946.jpg,1,0
training_2025-04-21 22:23:26.265433.jpg,1,0
training_2025-04-21 22:23:27.269973.jpg,1,0
training_2025-04-21 22:23:28.265952.jpg,1,0
training_2025-04-21 22:23:29.270972.jpg,1,0
training_2025-04-21 22:27:33.271549.jpg,1,0
training_2025-04-21 22:27:34.276922.jpg,1,0
training_2025-04-21 22:27:35.273694.jpg,1,-1
training_2025-04-21 22:27:36.243325.jpg,1,0
training_2025-04-21 22:27:37.243112.jpg,1,-1
training_2025-04-21 22:27:38.245765.jpg,1,0
training_2025-04-21 22:27:39.258065.jpg,1,-1
training_2025-04-21 22:27:40.264794.jpg,1,-1
training_2025-04-21 22:27:41.267743.jpg,1,-1
training_2025-04-21 22:27:42.270324.jpg,1,-1
training_2025-04-21 22:27:43.269814.jpg,1,0
training_2025-04-21 22:27:44.271820.jpg,1,-1
training_2025-04-21 22:27:45.274004.jpg,1,-1
training_2025-04-21 22:27:46.278713.jpg,1,0
training_2025-04-21 22:27:47.288618.jpg,1,0
training_2025-04-21 22:27:48.286155.jpg,1,1
training_2025-04-21 22:27:49.286146.jpg,1,1
training_2025-04-21 22:27:50.295042.jpg,1,1
training_2025-04-21 22:27:51.290753.jpg,1,0
training_2025-04-21 22:27:52.297221.jpg,1,0
training_2025-04-21 22:27:53.297911.jpg,1,0
training_2025-04-21 22:27:54.325540.jpg,1,0
training_2025-04-21 22:27:55.302649.jpg,1,-1
training_2025-04-21 22:27:56.331392.jpg,1,0
training_2025-04-21 22:27:57.312633.jpg,1,-1
training_2025-04-21 22:27:58.317411.jpg,1,-1
training_2025-04-21 22:27:59.316575.jpg,1,-1
training_2025-04-21 22:28:00.321544.jpg,1,-1
training_2025-04-21 22:28:01.317849.jpg,1,-1
training_2025-04-21 22:28:02.325816.jpg,1,0
training_2025-04-21 22:28:03.325810.jpg,1,0
training_2025-04-21 22:28:04.334040.jpg,1,0
training_2025-04-21 22:28:05.333998.jpg,1,0
training_2025-04-21 22:28:06.328199.jpg,1,0
training_2025-04-21 22:28:07.289290.jpg,1,1
training_2025-04-21 23:14:12.753109.jpg,1,0
training_2025-04-21 23:14:13.785548.jpg,1,1
training_2025-04-21 23:14:14.777712.jpg,1,1
training_2025-04-21 23:14:15.780964.jpg,1,0
training_2025-04-21 23:14:16.778930.jpg,1,-1
training_2025-04-21 23:14:17.790405.jpg,1,0
training_2025-04-21 23:14:18.786716.jpg,1,-1
training_2025-04-21 23:14:19.798019.jpg,1,0
training_2025-04-21 23:14:20.796145.jpg,1,-1
training_2025-04-21 23:14:21.803948.jpg,1,0
training_2025-04-21 23:14:22.775200.jpg,1,0
training_2025-04-21 23:14:23.774891.jpg,1,0
training_2025-04-21 23:14:24.793229.jpg,1,-1
training_2025-04-21 23:14:25.782612.jpg,1,0
training_2025-04-21 23:14:26.783816.jpg,1,-1
training_2025-04-21 23:14:27.805395.jpg,1,0
training_2025-04-21 23:14:28.796986.jpg,1,0
training_2025-04-21 23:14:29.788948.jpg,1,0
training_2025-04-21 23:14:30.793374.jpg,1,1
training_2025-04-21 23:14:31.793248.jpg,1,0
training_2025-04-21 23:14:32.755102.jpg,1,-1
training_2025-04-21 23:14:33.759523.jpg,1,0
training_2025-04-21 23:14:34.721549.jpg,1,0
training_2025-04-21 23:14:35.726224.jpg,1,0
training_2025-04-21 23:14:36.720591.jpg,1,0
training_2025-04-21 23:14:37.696988.jpg,1,-1
training_2025-04-21 23:14:38.711958.jpg,1,0
training_2025-04-21 23:14:39.694861.jpg,1,0
training_2025-04-21 23:14:40.693029.jpg,1,0
training_2025-04-21 23:14:41.661391.jpg,1,0
training_2025-04-21 23:14:42.628209.jpg,1,-1
training_2025-04-21 23:14:43.633365.jpg,1,0
training_2025-04-21 23:14:44.638421.jpg,1,-1
training_2025-04-21 23:14:45.656805.jpg,1,-1
training_2025-04-21 23:14:46.640438.jpg,1,-1
training_2025-04-21 23:14:47.642030.jpg,1,-1
training_2025-04-21 23:14:48.662758.jpg,1,-1
training_2025-04-21 23:14:49.678020.jpg,1,0
training_2025-04-21 23:14:50.673665.jpg,1,1
training_2025-04-21 23:14:51.681950.jpg,1,1
training_2025-06-08 01:38:31.972360.jpg,1,0
training_2025-06-08 01:38:32.992440.jpg,1,0
training_2025-06-08 01:38:33.994826.jpg,1,-1
training_2025-06-08 01:38:34.999108.jpg,1,-1
training_2025-06-08 01:38:35.994738.jpg,1,0
training_2025-06-08 01:38:37.006355.jpg,1,-1
training_2025-06-08 01:38:38.002174.jpg,1,0
training_2025-06-08 01:38:39.007506.jpg,1,0
training_2025-06-08 01:38:40.006906.jpg,1,0
training_2025-06-08 01:38:41.020963.jpg,1,0
training_2025-06-08 01:38:42.033720.jpg,1,-1
training_2025-06-08 01:38:43.046627.jpg,1,-1
training_2025-06-08 01:38:44.048645.jpg,1,-1
training_2025-06-08 01:38:45.053086.jpg,1,-1
training_2025-06-08 01:38:46.053388.jpg,1,0
training_2025-06-08 01:38:47.061048.jpg,1,0
training_2025-06-08 01:38:48.057545.jpg,1,0
training_2025-06-08 01:38:49.056341.jpg,1,-1
training_2025-06-08 01:38:50.061191.jpg,1,0
training_2025-06-08 01:38:51.061114.jpg,1,-1
training_2025-06-08 01:38:52.060800.jpg,1,-1
training_2025-06-08 01:38:53.062645.jpg,1,-1
training_2025-06-08 01:38:54.066455.jpg,1,0
training_2025-06-08 01:38:55.069618.jpg,1,-1
training_2025-06-08 01:38:56.071971.jpg,1,0
training_2025-06-08 01:38:57.068947.jpg,1,0
training_2025-06-08 01:38:58.072416.jpg,1,-1
training_2025-06-08 01:38:59.078807.jpg,1,-1
training_2025-06-08 01:39:00.076567.jpg,1,0
training_2025-06-08 01:39:01.083725.jpg,1,0
training_2025-06-08 01:39:02.086949.jpg,1,0
training_2025-06-08 01:39:03.089185.jpg,1,0
training_2025-06-08 01:39:04.089993.jpg,1,-1
training_2025-06-08 01:39:05.117867.jpg,1,-1
training_2025-06-08 01:39:06.127378.jpg,1,0
training_2025-06-08 01:39:07.129950.jpg,1,-1
training_2025-06-08 01:39:08.128269.jpg,1,-1
training_2025-06-08 01:39:09.139708.jpg,1,-1
training_2025-06-08 01:39:10.132794.jpg,1,-1
training_2025-06-08 01:39:11.138372.jpg,1,-1
training_2025-06-08 01:39:12.137574.jpg,1,0
training_2025-06-08 01:39:13.142513.jpg,1,-1
training_2025-06-08 01:39:14.139858.jpg,1,-1
training_2025-06-08 01:39:15.151237.jpg,1,-1
training_2025-06-08 01:39:16.149087.jpg,1,-1
training_2025-06-08 01:39:17.154411.jpg,1,-1
training_2025-06-08 01:39:18.153934.jpg,1,0
training_2025-06-08 01:39:19.155147.jpg,1,0
training_2025-06-08 01:39:20.161559.jpg,1,-1
training_2025-06-08 01:39:21.163092.jpg,1,-1
training_2025-06-08 01:39:22.161289.jpg,1,0
training_2025-06-08 01:39:23.168976.jpg,1,0
training_2025-06-08 01:39:24.174460.jpg,1,-1
training_2025-06-08 01:39:25.173903.jpg,1,0
training_2025-06-08 01:39:26.174012.jpg,1,0
training_2025-06-08 01:39:27.171738.jpg,1,0
training_2025-06-08 01:39:28.176118.jpg,1,-1
training_2025-06-08 01:39:29.179234.jpg,1,-1
training_2025-06-08 01:39:30.183928.jpg,1,0
training_2025-06-08 01:39:31.183756.jpg,1,-1
training_2025-06-08 01:39:32.185913.jpg,1,-1
training_2025-06-08 01:39:33.186298.jpg,1,-1
training_2025-06-08 01:39:34.187902.jpg,1,-1
training_2025-06-08 01:39:35.182386.jpg,1,0
training_2025-06-08 01:39:36.184729.jpg,1,0
training_2025-06-08 01:39:37.187650.jpg,1,0
training_2025-06-08 01:39:38.185238.jpg,1,-1
training_2025-06-08 01:39:39.189475.jpg,1,-1
training_2025-06-08 01:39:40.187515.jpg,1,0
training_2025-06-08 01:39:41.191793.jpg,1,-1
training_2025-06-08 01:39:42.195519.jpg,1,-1
training_2025-06-08 01:39:43.196696.jpg,1,-1
training_2025-06-08 01:39:44.196029.jpg,1,0
training_2025-06-08 01:39:45.198346.jpg,1,-1
training_2025-06-08 01:39:46.197874.jpg,1,0
training_2025-06-08 01:39:47.195046.jpg,1,0
training_2025-06-08 01:39:48.195104.jpg,1,0
training_2025-06-08 01:39:49.200363.jpg,1,-1
training_2025-06-08 01:39:50.213058.jpg,1,0
training_2025-06-08 01:39:51.203379.jpg,1,0
training_2025-06-08 01:39:52.209856.jpg,1,-1
training_2025-06-08 01:39:53.216462.jpg,1,-1
training_2025-06-08 01:39:54.218246.jpg,1,-1
training_2025-06-08 01:39:55.218099.jpg,1,-1
training_2025-06-08 01:39:56.226390.jpg,1,-1
training_2025-06-08 01:39:57.227482.jpg,1,0
training_2025-06-08 01:39:58.226613.jpg,1,-1
training_2025-06-08 01:39:59.226648.jpg,1,0
training_2025-06-08 01:40:00.233899.jpg,1,-1
training_2025-06-08 01:40:01.236083.jpg,1,0
training_2025-06-08 01:40:02.237168.jpg,1,0
training_2025-06-08 01:40:03.241567.jpg,1,-1
training_2025-06-08 01:40:04.235984.jpg,1,-1
training_2025-06-08 01:40:05.237487.jpg,1,0
training_2025-06-08 01:40:06.239324.jpg,1,0
training_2025-06-08 01:40:07.245176.jpg,1,0
training_2025-06-08 01:40:08.242492.jpg,1,0
training_2025-06-08 01:40:09.247387.jpg,1,-1
training_2025-06-08 01:40:10.246526.jpg,1,-1
training_2025-06-08 01:40:11.252172.jpg,1,-1
training_2025-06-08 01:40:12.246941.jpg,1,0
training_2025-06-08 01:40:13.250904.jpg,1,-1
training_2025-06-08 01:40:14.252607.jpg,1,0
training_2025-06-08 01:40:15.252742.jpg,1,-1
training_2025-06-08 01:40:16.249323.jpg,1,0
training_2025-06-08 01:40:17.254000.jpg,1,0
training_2025-06-08 01:40:18.253184.jpg,1,-1
training_2025-06-08 01:40:19.257838.jpg,1,-1
training_2025-06-08 01:40:20.250035.jpg,1,-1
training_2025-06-08 01:40:21.217016.jpg,1,0
training_2025-06-08 01:40:22.184346.jpg,1,-1
training_2025-06-08 01:40:23.182177.jpg,1,0
training_2025-06-08 01:40:24.193421.jpg,1,-1
training_2025-06-08 01:40:25.189206.jpg,1,0
training_2025-06-08 01:40:26.190565.jpg,1,0
training_2025-06-08 01:40:27.189443.jpg,1,-1
training_2025-06-08 01:40:28.195542.jpg,1,0
training_2025-06-08 01:40:29.191170.jpg,1,0
training_2025-06-08 01:40:30.198542.jpg,1,0
training_2025-06-08 01:40:31.199625.jpg,1,-1
training_2025-06-08 01:40:32.200532.jpg,1,-1
training_2025-06-08 01:40:33.199547.jpg,1,-1
training_2025-06-08 01:40:34.201860.jpg,1,-1
training_2025-06-08 01:40:35.207432.jpg,1,-1
training_2025-06-08 01:40:36.211300.jpg,1,-1
training_2025-06-08 01:40:37.206778.jpg,1,-1
training_2025-06-08 01:40:38.210280.jpg,1,-1
training_2025-06-08 01:40:39.208602.jpg,1,-1
training_2025-06-08 01:40:40.218660.jpg,1,-1
training_2025-06-08 01:40:41.213269.jpg,1,0
training_2025-06-08 01:40:42.213064.jpg,1,0
training_2025-06-08 01:40:43.211387.jpg,1,-1
training_2025-06-08 01:40:44.215508.jpg,1,0
training_2025-06-08 01:40:45.213178.jpg,1,-1
training_2025-06-08 01:40:46.214424.jpg,1,0
training_2025-06-08 01:40:47.215759.jpg,1,0
training_2025-06-08 01:40:48.219921.jpg,1,-1
training_2025-06-08 01:40:49.222609.jpg,1,-1
training_2025-06-08 01:40:50.221852.jpg,1,0
training_2025-06-08 01:40:51.224785.jpg,1,0
training_2025-06-08 01:40:52.228663.jpg,1,0
training_2025-06-08 01:40:53.228835.jpg,1,-1
training_2025-06-08 01:40:54.232853.jpg,1,-1
training_2025-06-08 01:40:55.237336.jpg,1,0
training_2025-06-08 01:40:56.239126.jpg,1,0
training_2025-06-08 01:40:57.241286.jpg,1,-1
training_2025-06-08 01:40:58.242945.jpg,1,0
training_2025-06-08 01:40:59.243587.jpg,1,-1
training_2025-06-08 01:41:00.245983.jpg,1,-1
training_2025-06-08 01:41:01.241804.jpg,1,-1
training_2025-06-08 01:41:02.268445.jpg,1,0
training_2025-06-08 01:41:03.278169.jpg,1,-1
training_2025-06-08 01:41:04.278812.jpg,1,-1
training_2025-06-08 01:41:05.279982.jpg,1,0
training_2025-06-08 01:41:06.275885.jpg,1,-1
training_2025-06-08 01:41:07.245867.jpg,1,0
training_2025-06-08 01:41:08.243610.jpg,1,0
training_2025-06-08 01:41:09.213805.jpg,1,0
training_2025-06-08 01:41:10.212232.jpg,1,0
training_2025-06-08 01:41:11.215222.jpg,1,-1
training_2025-06-08 01:41:12.217361.jpg,1,-1
training_2025-06-08 01:41:13.227392.jpg,1,0
training_2025-06-08 01:41:14.218072.jpg,1,-1
training_2025-06-08 01:41:15.225391.jpg,1,0
training_2025-06-08 01:41:16.221910.jpg,1,-1
training_2025-06-08 01:41:17.226375.jpg,1,-1
training_2025-06-08 01:41:18.225797.jpg,1,-1
training_2025-06-08 01:41:19.231603.jpg,1,0
training_2025-06-08 01:41:20.230528.jpg,1,-1
training_2025-06-08 01:41:21.230046.jpg,1,0
training_2025-06-08 01:41:22.231575.jpg,1,0
training_2025-06-08 01:41:23.232604.jpg,1,-1
training_2025-06-08 01:41:24.228184.jpg,1,0
training_2025-06-08 01:41:25.233536.jpg,1,-1
training_2025-06-08 01:41:26.241792.jpg,1,0
training_2025-06-08 01:41:27.240843.jpg,1,0
training_2025-06-08 01:41:28.249296.jpg,1,0
training_2025-06-08 01:41:29.252110.jpg,1,-1
training_2025-06-08 01:41:30.253196.jpg,1,-1
training_2025-06-08 01:41:31.253893.jpg,1,-1
training_2025-06-08 01:41:32.252086.jpg,1,-1
training_2025-06-08 01:41:33.258049.jpg,1,0
training_2025-06-08 01:41:34.280702.jpg,1,-1
training_2025-06-08 01:41:35.262283.jpg,1,0
training_2025-06-08 01:41:36.262847.jpg,1,-1
training_2025-06-08 01:41:37.265083.jpg,1,0
training_2025-06-08 01:41:38.265994.jpg,1,0
training_2025-06-08 01:41:39.268292.jpg,1,-1
training_2025-06-08 01:41:40.268837.jpg,1,-1
training_2025-06-08 01:41:41.271821.jpg,1,-1
training_2025-06-08 01:41:42.269283.jpg,1,0
training_2025-06-08 01:41:43.274969.jpg,1,-1
training_2025-06-08 01:41:44.271527.jpg,1,-1
training_2025-06-08 01:41:45.278571.jpg,1,0
training_2025-06-08 01:41:46.278659.jpg,1,-1
training_2025-06-08 01:41:47.281792.jpg,1,0
training_2025-06-08 01:41:48.274100.jpg,1,0
training_2025-06-08 01:41:49.244319.jpg,1,0
training_2025-06-08 01:41:50.244899.jpg,1,0
training_2025-06-08 01:41:51.245267.jpg,1,-1
training_2025-06-08 01:41:52.251877.jpg,1,-1
training_2025-06-08 01:41:53.263191.jpg,1,0
training_2025-06-08 01:41:54.260007.jpg,1,-1
training_2025-06-08 01:41:55.263451.jpg,1,-1
training_2025-06-08 01:41:56.262785.jpg,1,-1
training_2025-06-08 01:41:57.270434.jpg,1,-1
training_2025-06-08 01:41:58.269497.jpg,1,0
training_2025-06-08 01:41:59.270033.jpg,1,0
training_2025-06-08 01:42:00.275724.jpg,1,-1
training_2025-06-08 01:42:01.277219.jpg,1,-1
training_2025-06-08 01:42:02.280128.jpg,1,0
training_2025-06-08 01:42:03.278880.jpg,1,0
training_2025-06-08 01:42:04.282005.jpg,1,-1
training_2025-06-08 01:42:05.285370.jpg,1,0
training_2025-06-08 01:42:06.288009.jpg,1,0
training_2025-06-08 01:42:07.288906.jpg,1,0
training_2025-06-08 01:42:08.293118.jpg,1,-1
training_2025-06-08 01:42:09.303643.jpg,1,-1
training_2025-06-08 01:42:10.300201.jpg,1,-1
training_2025-06-08 01:42:11.297956.jpg,1,-1
training_2025-06-08 01:42:12.302354.jpg,1,0
training_2025-06-08 01:42:13.305244.jpg,1,-1
training_2025-06-08 01:42:14.305431.jpg,1,0
training_2025-06-08 01:42:15.303631.jpg,1,0
training_2025-06-08 01:42:16.306320.jpg,1,0
training_2025-06-08 01:42:17.318134.jpg,1,-1
training_2025-06-08 01:42:18.311564.jpg,1,-1
training_2025-06-08 01:42:19.328807.jpg,1,-1
training_2025-06-08 01:42:20.311622.jpg,1,-1
training_2025-06-08 01:42:21.284832.jpg,1,0
training_2025-06-08 01:42:22.280544.jpg,1,-1
training_2025-06-08 01:42:23.249146.jpg,1,0
training_2025-06-08 01:42:24.259952.jpg,1,0
training_2025-06-08 01:42:25.253001.jpg,1,-1
training_2025-06-08 01:42:26.258246.jpg,1,0
training_2025-06-08 01:42:27.256822.jpg,1,0
training_2025-06-08 02:25:56.790127.jpg,1,0
training_2025-06-08 02:25:57.820483.jpg,1,0
training_2025-06-08 02:25:58.821534.jpg,1,0
training_2025-06-08 02:25:59.824916.jpg,1,0
training_2025-06-08 02:26:00.824932.jpg,1,0
training_2025-06-08 02:26:01.835158.jpg,1,0
training_2025-06-08 02:26:05.851434.jpg,1,0
training_2025-06-08 02:26:06.849328.jpg,1,0
training_2025-06-08 02:26:07.853129.jpg,1,0
training_2025-06-08 02:26:08.854714.jpg,1,0
training_2025-06-08 02:26:09.868685.jpg,1,0
training_2025-06-08 02:26:10.854808.jpg,1,0
training_2025-06-08 15:07:20.302356.jpg,1,0
training_2025-06-08 15:07:21.213271.jpg,1,0
training_2025-06-08 15:07:22.117146.jpg,1,0
training_2025-06-08 15:07:23.024168.jpg,1,0
training_2025-06-08 15:07:24.019966.jpg,1,0
training_2025-06-08 15:07:24.943224.jpg,1,0
training_2025-06-08 15:07:25.844873.jpg,1,1
training_2025-06-08 15:07:26.752700.jpg,1,1
training_2025-06-08 15:07:27.654665.jpg,1,1
training_2025-06-08 15:07:28.561165.jpg,1,1
training_2025-06-08 15:07:29.570711.jpg,1,0
training_2025-06-08 15:07:30.473439.jpg,1,1
training_2025-06-08 15:07:31.380419.jpg,1,0
training_2025-06-08 15:07:32.291605.jpg,1,1
training_2025-06-08 15:07:33.197857.jpg,1,0
training_2025-06-08 15:07:34.103862.jpg,1,-1
training_2025-06-08 15:07:35.113632.jpg,1,0
training_2025-06-08 15:07:36.019179.jpg,1,0
training_2025-06-08 15:07:36.923072.jpg,1,0
training_2025-06-08 15:07:37.828121.jpg,1,0
training_2025-06-08 15:07:38.730109.jpg,1,1
training_2025-06-08 15:07:39.635904.jpg,1,1
training_2025-06-08 15:07:40.625855.jpg,1,1
training_2025-06-08 15:07:41.548479.jpg,1,1
training_2025-06-08 15:07:42.454367.jpg,1,1
training_2025-06-08 15:07:43.356667.jpg,1,0
training_2025-06-08 15:07:44.264119.jpg,1,0
training_2025-06-08 15:07:45.171781.jpg,1,1
training_2025-06-08 15:07:46.178402.jpg,1,1
training_2025-06-08 15:07:47.087267.jpg,1,1
training_2025-06-08 15:07:47.990823.jpg,1,0
training_2025-06-08 15:07:48.891634.jpg,1,0
training_2025-06-08 15:07:49.798075.jpg,1,-1
training_2025-06-08 15:07:50.698982.jpg,1,0
training_2025-06-08 15:07:51.699081.jpg,1,0
training_2025-06-08 15:28:01.806474.jpg,1,0
training_2025-06-08 15:28:02.714877.jpg,1,0
training_2025-06-08 15:28:03.618468.jpg,1,0
training_2025-06-08 15:28:04.524407.jpg,1,1
training_2025-06-08 15:28:05.527120.jpg,1,1
training_2025-06-08 15:28:06.437149.jpg,1,0
training_2025-06-08 15:28:07.344657.jpg,1,1
training_2025-06-08 15:28:08.250340.jpg,1,1
training_2025-06-08 15:28:09.158325.jpg,1,0
training_2025-06-08 15:28:10.065583.jpg,1,1
training_2025-06-08 15:28:11.076335.jpg,1,1
training_2025-06-08 15:28:11.986684.jpg,1,1
training_2025-06-08 15:28:12.926448.jpg,1,0
training_2025-06-08 15:28:13.824591.jpg,1,0
training_2025-06-08 15:28:14.733724.jpg,1,0
training_2025-06-08 15:28:15.644254.jpg,1,0
training_2025-06-08 15:28:16.680090.jpg,1,0
training_2025-06-08 15:28:17.592337.jpg,1,0
training_2025-06-08 15:28:18.497290.jpg,1,0
training_2025-06-08 15:28:19.401667.jpg,1,0
training_2025-06-08 15:28:20.305399.jpg,1,0
training_2025-06-08 15:28:21.211830.jpg,1,0
training_2025-06-08 15:28:22.196101.jpg,1,0
training_2025-06-08 15:28:23.096022.jpg,1,0
training_2025-06-08 15:28:24.006375.jpg,1,1
training_2025-06-08 15:28:24.910606.jpg,1,0
training_2025-06-08 15:28:25.813767.jpg,1,0
training_2025-06-08 15:28:26.722478.jpg,1,0
training_2025-06-08 15:28:27.706356.jpg,1,1
training_2025-06-08 15:28:28.605969.jpg,1,1
training_2025-06-08 15:28:29.510081.jpg,1,1
training_2025-06-08 15:28:30.416610.jpg,1,1
training_2025-06-08 15:28:31.321086.jpg,1,0
training_2025-06-08 15:28:32.227107.jpg,1,1
training_2025-06-08 15:28:33.211701.jpg,1,1
training_2025-06-08 15:28:34.144308.jpg,1,1
training_2025-06-08 15:28:35.051306.jpg,1,0
training_2025-06-08 15:28:35.990903.jpg,1,1
training_2025-06-08 15:28:36.893727.jpg,1,1
training_2025-06-08 15:28:37.800686.jpg,1,1
training_2025-06-08 15:28:38.803750.jpg,1,1
training_2025-06-08 15:28:39.717078.jpg,1,0
training_2025-06-08 15:28:40.619701.jpg,1,0
training_2025-06-08 15:28:41.525443.jpg,1,0
training_2025-06-08 15:28:42.432665.jpg,1,0
training_2025-06-08 15:28:43.337454.jpg,1,0
training_2025-06-08 15:28:44.320504.jpg,1,0
training_2025-06-08 15:28:45.248697.jpg,1,0
training_2025-06-08 15:28:46.154149.jpg,1,1
training_2025-06-08 15:28:47.064153.jpg,1,1
training_2025-06-08 15:28:47.998624.jpg,1,0
training_2025-06-08 15:28:48.904886.jpg,1,1
training_2025-06-08 15:28:49.909635.jpg,1,1
training_2025-06-08 15:28:50.819575.jpg,1,1
training_2025-06-08 15:28:51.723835.jpg,1,1
training_2025-06-08 15:28:52.633501.jpg,1,1
training_2025-06-08 15:28:53.539937.jpg,1,1
training_2025-06-08 15:28:54.441956.jpg,1,0
training_2025-06-08 15:28:55.430837.jpg,1,1
training_2025-06-08 15:28:56.359713.jpg,1,1
training_2025-06-08 15:28:57.267298.jpg,1,1
training_2025-06-08 15:28:58.169868.jpg,1,0
training_2025-06-08 15:28:59.072663.jpg,1,1
training_2025-06-08 15:28:59.980320.jpg,1,1
training_2025-06-08 15:29:01.026369.jpg,1,1
training_2025-06-08 15:29:01.934062.jpg,1,1
training_2025-06-08 15:29:02.874404.jpg,1,1
training_2025-06-08 15:29:03.776299.jpg,1,1
training_2025-06-08 15:29:04.677965.jpg,1,0
training_2025-06-08 15:29:05.584043.jpg,1,1
training_2025-06-08 15:29:06.588070.jpg,1,0
training_2025-06-08 15:29:07.500253.jpg,1,0
training_2025-06-08 15:29:08.406372.jpg,1,0
training_2025-06-08 15:29:09.311994.jpg,1,0
training_2025-06-08 15:29:10.215416.jpg,1,0
training_2025-06-08 15:29:11.122130.jpg,1,0
training_2025-06-08 15:29:12.128284.jpg,1,0
training_2025-06-08 15:29:13.037772.jpg,1,0
training_2025-06-08 15:29:13.944624.jpg,1,0
training_2025-06-08 15:29:14.847999.jpg,1,0
training_2025-06-08 15:29:15.753548.jpg,1,1
training_2025-06-08 15:29:16.658951.jpg,1,0
training_2025-06-08 15:29:17.644209.jpg,1,1
training_2025-06-08 15:29:18.568542.jpg,1,1
training_2025-06-08 15:29:19.475387.jpg,1,0
training_2025-06-08 15:29:20.381084.jpg,1,1
training_2025-06-08 15:29:21.289485.jpg,1,1
training_2025-06-08 15:29:22.193486.jpg,1,1
training_2025-06-08 15:29:23.201355.jpg,1,0
training_2025-06-08 15:29:24.110303.jpg,1,1
training_2025-06-08 15:29:25.017517.jpg,1,0
training_2025-06-08 15:29:25.922095.jpg,1,1
training_2025-06-08 15:29:26.825904.jpg,1,0
training_2025-06-08 15:29:27.729884.jpg,1,0
training_2025-06-08 15:29:28.739102.jpg,1,1
training_2025-06-08 15:29:29.645470.jpg,1,0
training_2025-06-08 15:29:30.548722.jpg,1,0
training_2025-06-08 15:29:31.455668.jpg,1,1
training_2025-06-08 15:29:32.359861.jpg,1,1
training_2025-06-08 15:29:33.268794.jpg,1,1
training_2025-06-08 15:29:34.258997.jpg,1,1
training_2025-06-08 15:29:35.183567.jpg,1,1
training_2025-06-08 15:29:36.090110.jpg,1,0
training_2025-06-08 15:29:36.993476.jpg,1,1
training_2025-06-08 15:29:37.897207.jpg,1,1
training_2025-06-08 15:29:38.803998.jpg,1,1
training_2025-06-08 15:29:39.809913.jpg,1,1
training_2025-06-08 15:29:40.715089.jpg,1,1
training_2025-06-08 15:29:41.623853.jpg,1,1
training_2025-06-08 15:29:42.531239.jpg,1,0
training_2025-06-08 15:29:43.435598.jpg,1,0
training_2025-06-08 15:29:44.342841.jpg,1,-1
training_2025-06-08 15:29:45.363973.jpg,1,0
training_2025-06-08 15:29:46.291247.jpg,1,0
training_2025-06-08 15:29:47.201588.jpg,1,1
training_2025-06-08 15:29:48.108778.jpg,1,0
training_2025-06-08 15:29:49.012692.jpg,1,1
training_2025-06-08 15:29:49.920780.jpg,1,1
training_2025-06-08 15:29:50.925646.jpg,1,0
training_2025-06-08 15:29:51.837871.jpg,1,1
training_2025-06-08 15:29:52.743730.jpg,1,1
training_2025-06-08 15:29:53.652100.jpg,1,1
training_2025-06-08 15:29:54.553373.jpg,1,1
training_2025-06-08 15:29:55.458507.jpg,1,1
training_2025-06-08 15:29:56.460917.jpg,1,1
training_2025-06-08 15:29:57.370453.jpg,1,0
training_2025-06-08 15:29:58.276498.jpg,1,0
training_2025-06-08 15:29:59.185539.jpg,1,0
training_2025-06-08 15:30:00.089179.jpg,1,0
training_2025-06-08 15:30:00.997424.jpg,1,1
training_2025-06-08 15:30:02.026828.jpg,1,0
training_2025-06-08 15:30:02.944280.jpg,1,1
training_2025-06-08 15:30:03.852137.jpg,1,1
training_2025-06-08 15:30:04.760824.jpg,1,1
training_2025-06-08 15:30:05.664637.jpg,1,1
training_2025-06-08 15:30:06.570435.jpg,1,1
training_2025-06-08 15:30:07.584396.jpg,1,1
training_2025-06-08 15:30:08.486338.jpg,1,1
training_2025-06-08 15:30:09.388881.jpg,1,1
training_2025-06-08 15:30:10.293561.jpg,1,0
training_2025-06-08 15:30:11.197745.jpg,1,1
training_2025-06-08 15:30:12.101463.jpg,1,0
training_2025-06-08 15:30:13.085438.jpg,1,0
training_2025-06-08 15:30:14.013327.jpg,1,0
training_2025-06-08 15:30:14.922229.jpg,1,0
training_2025-06-08 15:30:15.826618.jpg,1,1
training_2025-06-08 15:30:16.729637.jpg,1,1
training_2025-06-08 15:30:17.638756.jpg,1,1
training_2025-06-08 15:30:18.642820.jpg,1,1
training_2025-06-08 15:30:19.553078.jpg,1,1
training_2025-06-08 15:30:20.460023.jpg,1,1
training_2025-06-08 15:30:21.363383.jpg,1,0
training_2025-06-08 15:30:22.269071.jpg,1,1
training_2025-06-08 15:30:23.172936.jpg,1,0
training_2025-06-08 15:30:24.180972.jpg,1,0
training_2025-06-08 15:30:25.084786.jpg,1,0
training_2025-06-08 15:30:25.993713.jpg,1,0
training_2025-06-08 15:30:26.901148.jpg,1,1
training_2025-06-08 15:30:27.806440.jpg,1,0
training_2025-06-08 15:30:28.709760.jpg,1,1
training_2025-06-08 15:30:29.695918.jpg,1,1
training_2025-06-08 15:30:30.624148.jpg,1,0
training_2025-06-08 15:30:31.528639.jpg,1,1
training_2025-06-08 15:30:32.436591.jpg,1,1
training_2025-06-08 15:30:33.340533.jpg,1,1
training_2025-06-08 15:30:34.242124.jpg,1,0
training_2025-06-08 15:30:35.244959.jpg,1,1
training_2025-06-08 15:30:36.153141.jpg,1,0
training_2025-06-08 15:30:37.061078.jpg,1,1
training_2025-06-08 15:30:37.966933.jpg,1,0
training_2025-06-08 15:30:38.875145.jpg,1,0
training_2025-06-08 15:30:39.781289.jpg,1,-1
training_2025-06-08 15:30:40.800162.jpg,1,0
training_2025-06-08 15:30:41.730930.jpg,1,1
training_2025-06-08 15:30:42.639535.jpg,1,1
training_2025-06-08 15:30:43.544838.jpg,1,0
training_2025-06-08 15:30:44.447832.jpg,1,1
training_2025-06-08 15:30:45.354171.jpg,1,1
training_2025-06-08 15:30:46.361013.jpg,1,1
training_2025-06-08 15:30:47.264930.jpg,1,1
training_2025-06-08 15:30:48.168255.jpg,1,1
training_2025-06-08 15:30:49.079484.jpg,1,0
training_2025-06-08 15:30:49.984312.jpg,1,1
training_2025-06-08 15:30:50.885024.jpg,1,0
training_2025-06-08 15:30:51.893522.jpg,1,0
training_2025-06-08 15:30:52.801333.jpg,1,0
training_2025-06-08 15:30:53.709483.jpg,1,1
training_2025-06-08 15:30:54.612539.jpg,1,0
training_2025-06-08 15:30:55.516230.jpg,1,1
training_2025-06-08 15:30:56.422208.jpg,1,0
training_2025-06-08 15:30:57.415623.jpg,1,1
training_2025-06-08 15:30:58.336643.jpg,1,1
training_2025-06-08 15:30:59.240725.jpg,1,1
training_2025-06-08 15:31:00.146816.jpg,1,1
training_2025-06-08 15:31:01.081165.jpg,1,1
training_2025-06-08 15:31:01.988940.jpg,1,1
training_2025-06-08 15:31:02.987595.jpg,1,1
training_2025-06-08 15:31:03.899751.jpg,1,0
training_2025-06-08 15:31:04.804555.jpg,1,1
training_2025-06-08 15:31:05.708946.jpg,1,1
training_2025-06-08 15:31:06.616418.jpg,1,0
training_2025-06-08 15:31:07.524968.jpg,1,-1
training_2025-06-08 15:31:08.530494.jpg,1,0
training_2025-06-08 15:31:09.438446.jpg,1,1
training_2025-06-08 15:31:10.344506.jpg,1,1
training_2025-06-08 15:31:11.249213.jpg,1,0
training_2025-06-08 15:31:12.152689.jpg,1,1
training_2025-06-08 15:31:13.057427.jpg,1,1
training_2025-06-08 15:31:14.035987.jpg,1,1
training_2025-06-08 15:31:14.940406.jpg,1,0
training_2025-06-08 15:31:15.845275.jpg,1,1
training_2025-06-08 15:31:16.751760.jpg,1,1
training_2025-06-08 15:31:17.658423.jpg,1,0
training_2025-06-08 15:31:18.563725.jpg,1,1
training_2025-06-08 15:31:19.539860.jpg,1,0
training_2025-06-08 15:31:20.446360.jpg,1,0
training_2025-06-08 15:31:21.353278.jpg,1,0
training_2025-06-08 15:31:22.258724.jpg,1,1
training_2025-06-08 15:31:23.163498.jpg,1,0
training_2025-06-08 15:31:24.071949.jpg,1,1
training_2025-06-08 15:31:25.074423.jpg,1,1
training_2025-06-08 15:31:25.986652.jpg,1,0
training_2025-06-08 15:31:26.894136.jpg,1,1
training_2025-06-08 15:31:27.795910.jpg,1,1
training_2025-06-08 15:31:28.699870.jpg,1,1
training_2025-06-08 15:31:29.604519.jpg,1,1
training_2025-06-08 15:31:30.608586.jpg,1,1
training_2025-06-08 15:31:31.511780.jpg,1,1
training_2025-06-08 15:31:32.420947.jpg,1,1
training_2025-06-08 15:31:33.329245.jpg,1,0
training_2025-06-08 15:31:34.235391.jpg,1,1
training_2025-06-08 15:31:35.140468.jpg,1,1
training_2025-06-08 15:31:36.138924.jpg,1,1
training_2025-06-08 15:31:37.055280.jpg,1,1
training_2025-06-08 15:31:37.962416.jpg,1,1
training_2025-06-08 15:31:38.868375.jpg,1,0
training_2025-06-08 15:31:39.769786.jpg,1,1
training_2025-06-08 15:31:40.675364.jpg,1,0
training_2025-06-08 15:31:41.654125.jpg,1,0
training_2025-06-08 15:31:42.557392.jpg,1,0
training_2025-06-08 15:31:43.461992.jpg,1,1
training_2025-06-08 15:31:44.369122.jpg,1,1
training_2025-06-08 15:31:45.271465.jpg,1,1
training_2025-06-08 15:31:46.177417.jpg,1,1
training_2025-06-08 15:31:47.153118.jpg,1,1
training_2025-06-08 15:31:48.057571.jpg,1,1
training_2025-06-08 15:31:48.964936.jpg,1,1
training_2025-06-08 15:31:49.869484.jpg,1,1
training_2025-06-08 15:31:50.775478.jpg,1,1
training_2025-06-08 15:31:51.684243.jpg,1,0
training_2025-06-08 15:31:52.720499.jpg,1,1
training_2025-06-08 15:31:53.634821.jpg,1,0
training_2025-06-08 15:31:54.539841.jpg,1,0
training_2025-06-08 15:31:55.445370.jpg,1,1
training_2025-06-08 15:31:56.348735.jpg,1,0
training_2025-06-08 15:31:57.254914.jpg,1,1
training_2025-06-08 15:31:58.254509.jpg,1,1
training_2025-06-08 15:31:59.165137.jpg,1,0
training_2025-06-08 15:32:00.072032.jpg,1,1
training_2025-06-08 15:32:00.980214.jpg,1,1
training_2025-06-08 15:32:01.921337.jpg,1,1
training_2025-06-08 15:32:02.821210.jpg,1,1
training_2025-06-08 15:32:03.827018.jpg,1,1
training_2025-06-08 15:32:04.734802.jpg,1,1
training_2025-06-08 15:32:05.641999.jpg,1,1
training_2025-06-08 15:32:06.550280.jpg,1,0
training_2025-06-08 15:32:07.452739.jpg,1,1
training_2025-06-08 15:32:08.360101.jpg,1,1
training_2025-06-08 15:32:09.359461.jpg,1,1
training_2025-06-08 15:32:10.273530.jpg,1,0
training_2025-06-08 15:32:11.183065.jpg,1,0
training_2025-06-08 15:32:12.086180.jpg,1,0
training_2025-06-08 15:32:12.989157.jpg,1,0
training_2025-06-08 15:32:13.893982.jpg,1,0
training_2025-06-08 15:32:14.876390.jpg,1,0
training_2025-06-08 15:32:15.810271.jpg,1,1
training_2025-06-08 15:32:16.717343.jpg,1,1
training_2025-06-08 15:32:17.620838.jpg,1,0
training_2025-06-08 15:32:18.526586.jpg,1,1
training_2025-06-08 15:32:19.431213.jpg,1,1
training_2025-06-08 15:32:20.432926.jpg,1,0
training_2025-06-08 15:32:21.347603.jpg,1,1
training_2025-06-08 15:32:22.252221.jpg,1,1
training_2025-06-08 15:32:23.156940.jpg,1,1
training_2025-06-08 15:32:24.060491.jpg,1,0
training_2025-06-08 15:32:24.964981.jpg,1,1
training_2025-06-08 15:32:25.968283.jpg,1,1
training_2025-06-08 15:32:26.881056.jpg,1,1
training_2025-06-08 15:32:27.785509.jpg,1,1
training_2025-06-08 15:32:28.694487.jpg,1,1
training_2025-06-08 15:32:29.598194.jpg,1,0
training_2025-06-08 15:32:30.503829.jpg,1,0
training_2025-06-08 15:32:31.487625.jpg,1,0
training_2025-06-08 15:32:32.418910.jpg,1,0
training_2025-06-08 15:32:33.322191.jpg,1,-1
training_2025-06-08 15:32:34.229904.jpg,1,0
training_2025-06-08 15:32:35.130958.jpg,1,1
training_2025-06-08 15:32:36.036279.jpg,1,1
training_2025-06-08 15:32:37.076052.jpg,1,1
training_2025-06-08 15:32:37.983540.jpg,1,1
training_2025-06-08 15:32:38.890160.jpg,1,0
training_2025-06-08 15:32:39.793436.jpg,1,1
training_2025-06-08 15:32:40.700901.jpg,1,1
training_2025-06-08 15:32:41.604911.jpg,1,1
training_2025-06-08 15:32:42.591222.jpg,1,1
training_2025-06-08 15:32:43.520499.jpg,1,0
training_2025-06-08 15:32:44.428491.jpg,1,1
training_2025-06-08 15:32:45.334531.jpg,1,1
training_2025-06-08 15:32:46.237452.jpg,1,0
training_2025-06-08 15:32:47.142482.jpg,1,0
training_2025-06-08 15:32:48.142281.jpg,1,0
training_2025-06-08 15:33:06.603419.jpg,1,0
training_2025-06-08 15:33:07.505528.jpg,1,0
training_2025-06-08 15:33:08.413610.jpg,1,0
training_2025-06-08 15:33:09.320706.jpg,1,0
training_2025-06-08 15:33:10.310823.jpg,1,-1
training_2025-06-08 15:33:11.237640.jpg,1,0
training_2025-06-08 15:33:12.141789.jpg,1,0
training_2025-06-08 15:33:13.047262.jpg,1,0
training_2025-06-08 15:33:13.953937.jpg,1,-1
training_2025-06-08 15:33:14.856781.jpg,1,0
training_2025-06-08 15:33:15.861127.jpg,1,0
training_2025-06-08 15:33:16.767757.jpg,1,0
training_2025-06-08 15:33:17.673845.jpg,1,0
training_2025-06-08 15:33:18.579522.jpg,1,0
training_2025-06-08 15:33:19.485555.jpg,1,0
training_2025-06-08 15:33:20.393445.jpg,1,0
training_2025-06-08 15:33:21.402662.jpg,1,0
training_2025-06-08 15:33:22.310766.jpg,1,1
training_2025-06-08 15:33:23.216196.jpg,1,0
training_2025-06-08 15:33:24.121210.jpg,1,1
training_2025-06-08 15:33:25.025233.jpg,1,0
training_2025-06-08 15:33:25.933787.jpg,1,-1
training_2025-06-08 15:33:26.917481.jpg,1,-1
training_2025-06-08 15:33:27.842025.jpg,1,-1
training_2025-06-08 15:33:28.748693.jpg,1,-1
training_2025-06-08 15:33:29.654437.jpg,1,0
training_2025-06-08 15:33:30.560241.jpg,1,-1
training_2025-06-08 15:33:31.469297.jpg,1,0
training_2025-06-08 15:33:32.472245.jpg,1,0
training_2025-06-08 15:33:33.389086.jpg,1,0
training_2025-06-08 15:33:34.290530.jpg,1,1
training_2025-06-08 15:33:35.195197.jpg,1,1
training_2025-06-08 15:33:36.100240.jpg,1,0
training_2025-06-08 15:33:37.010132.jpg,1,1
training_2025-06-08 15:33:38.030891.jpg,1,0
training_2025-06-08 15:33:38.958643.jpg,1,-1
training_2025-06-08 15:33:39.861805.jpg,1,-1
training_2025-06-08 15:33:40.766002.jpg,1,-1
training_2025-06-08 15:33:41.668387.jpg,1,-1
training_2025-06-08 15:33:42.574794.jpg,1,-1
training_2025-06-08 15:33:43.573112.jpg,1,0
training_2025-06-08 15:33:44.487848.jpg,1,0
training_2025-06-08 15:33:45.396941.jpg,1,1
training_2025-06-08 15:33:46.299935.jpg,1,1
training_2025-06-08 15:33:47.205734.jpg,1,0
training_2025-06-08 15:33:48.112749.jpg,1,-1
training_2025-06-08 15:33:49.126781.jpg,1,0
training_2025-06-08 15:33:50.032520.jpg,1,0
training_2025-06-08 15:33:50.937306.jpg,1,0
training_2025-06-08 15:33:51.842999.jpg,1,-1
training_2025-06-08 15:33:52.742733.jpg,1,-1
training_2025-06-08 15:33:53.646417.jpg,1,0
training_2025-06-08 15:33:54.637530.jpg,1,-1
training_2025-06-08 15:33:55.565493.jpg,1,0
training_2025-06-08 15:33:56.472293.jpg,1,0
training_2025-06-08 15:33:57.376344.jpg,1,0
training_2025-06-08 15:33:58.281950.jpg,1,1
training_2025-06-08 15:33:59.187867.jpg,1,1
training_2025-06-08 15:34:00.193278.jpg,1,0
training_2025-06-08 15:34:01.104080.jpg,1,1
training_2025-06-08 15:34:02.008809.jpg,1,0
training_2025-06-08 15:34:02.915644.jpg,1,0
training_2025-06-08 15:34:03.817003.jpg,1,-1
training_2025-06-08 15:34:04.723575.jpg,1,0
training_2025-06-08 15:34:05.745412.jpg,1,-1
training_2025-06-08 15:34:06.670529.jpg,1,-1
training_2025-06-08 15:34:07.576210.jpg,1,0
training_2025-06-08 15:34:08.482391.jpg,1,-1
training_2025-06-08 15:34:09.386054.jpg,1,0
training_2025-06-08 15:34:10.292129.jpg,1,1
training_2025-06-08 15:34:11.292464.jpg,1,0
training_2025-06-08 15:34:12.204612.jpg,1,0
training_2025-06-08 15:34:13.111015.jpg,1,0
training_2025-06-08 15:34:14.017409.jpg,1,0
training_2025-06-08 15:34:14.924112.jpg,1,0
training_2025-06-08 15:34:15.825460.jpg,1,0
training_2025-06-08 15:34:16.837549.jpg,1,-1
training_2025-06-08 15:34:17.740068.jpg,1,-1
training_2025-06-08 15:34:18.647722.jpg,1,0
training_2025-06-08 15:34:19.548268.jpg,1,-1
training_2025-06-08 15:34:20.454020.jpg,1,-1
training_2025-06-08 15:34:21.360519.jpg,1,-1
training_2025-06-08 15:34:22.352810.jpg,1,-1
training_2025-06-08 15:34:23.276769.jpg,1,-1
training_2025-06-08 15:34:24.183329.jpg,1,0
training_2025-06-08 15:34:25.089570.jpg,1,1
training_2025-06-08 15:34:25.996749.jpg,1,1
training_2025-06-08 15:34:26.900634.jpg,1,0
training_2025-06-08 15:34:27.905458.jpg,1,1
training_2025-06-08 15:34:28.815646.jpg,1,1
training_2025-06-08 15:34:29.716811.jpg,1,1
training_2025-06-08 15:34:30.620313.jpg,1,1
training_2025-06-08 15:34:31.527660.jpg,1,1