img,forward,steering_angle
training_2025-06-10 21:21:22.029648.jpg,1,0
training_2025-06-10 21:21:27.534538.jpg,1,-1
training_2025-06-10 21:21:33.030795.jpg,1,0
training_2025-06-10 21:21:38.530742.jpg,1,0
training_2025-06-10 21:21:44.035863.jpg,1,1
training_2025-06-10 21:21:49.537127.jpg,1,0
training_2025-06-10 21:21:55.042831.jpg,1,0
training_2025-06-10 21:22:00.543393.jpg,1,0
training_2025-06-10 21:22:11.553121.jpg,1,0
training_2025-06-10 21:22:17.059043.jpg,1,-1
training_2025-06-10 21:22:22.563194.jpg,1,0
training_2025-06-10 21:22:28.063783.jpg,1,0
training_2025-06-10 21:22:33.571745.jpg,1,0
training_2025-06-10 21:22:39.080819.jpg,1,1
training_2025-06-10 21:22:44.579005.jpg,1,0
training_2025-06-10 21:22:50.087061.jpg,1,0
training_2025-06-10 21:22:55.591612.jpg,1,0
training_2025-06-10 21:23:01.096379.jpg,1,0
training_2025-06-10 21:23:06.599786.jpg,1,0
training_2025-06-10 21:23:12.102417.jpg,1,0
training_2025-06-10 21:23:17.605210.jpg,1,-1
training_2025-06-10 21:23:23.108175.jpg,1,0
training_2025-06-10 21:23:28.614377.jpg,1,-1
training_2025-06-10 21:23:34.149817.jpg,1,0
training_2025-06-10 21:23:39.683103.jpg,1,0
training_2025-06-10 21:23:45.210737.jpg,1,-1
training_2025-06-10 22:29:15.587321.jpg,0,0
training_2025-06-10 22:29:21.108834.jpg,1,0
training_2025-06-10 22:29:26.655898.jpg,1,-1
training_2025-06-10 22:29:32.175091.jpg,1,-1
training_2025-06-10 22:29:37.674929.jpg,1,0
training_2025-06-10 22:29:43.213913.jpg,1,0
training_2025-06-10 22:29:48.758824.jpg,1,0
training_2025-06-10 22:29:54.278225.jpg,1,0
training_2025-06-10 22:30:05.286201.jpg,1,0
training_2025-06-10 22:30:10.797072.jpg,1,-1
training_2025-06-10 22:30:16.309398.jpg,1,0
training_2025-06-10 22:30:21.805971.jpg,1,0
training_2025-06-10 22:30:27.340852.jpg,1,-1
training_2025-06-10 22:30:32.888233.jpg,1,0
training_2025-06-10 22:30:38.405261.jpg,1,-1
training_2025-06-10 22:30:43.913578.jpg,1,-1
training_2025-06-10 22:30:49.419383.jpg,1,0
training_2025-06-10 22:30:54.930617.jpg,1,0
training_2025-06-10 22:31:00.429011.jpg,1,-1
training_2025-06-10 22:31:05.935752.jpg,1,-1
training_2025-06-10 22:31:11.440516.jpg,1,-1
training_2025-06-10 22:31:16.978057.jpg,1,0
training_2025-06-10 22:31:22.520105.jpg,1,-1
training_2025-06-10 22:31:28.046141.jpg,1,-1
training_2025-06-10 22:31:33.539640.jpg,1,-1
training_2025-06-10 22:31:39.049841.jpg,1,-1
training_2025-06-10 22:31:44.565634.jpg,1,0
training_2025-06-10 22:31:50.062111.jpg,1,0
training_2025-06-10 22:31:55.584102.jpg,1,0
training_2025-06-10 22:35:06.267538.jpg,0,0
training_2025-06-10 22:35:06.923578.jpg,0,0
training_2025-06-10 22:35:07.690183.jpg,0,0
training_2025-06-10 22:35:08.341999.jpg,1,0
training_2025-06-10 22:35:09.011188.jpg,1,0
training_2025-06-10 22:35:09.685241.jpg,1,0
training_2025-06-10 22:35:10.358232.jpg,1,-1
training_2025-06-10 22:35:11.039687.jpg,1,0
training_2025-06-10 22:35:11.702844.jpg,1,0
training_2025-06-10 22:35:12.377298.jpg,1,-1
training_2025-06-10 22:35:13.135018.jpg,1,-1
training_2025-06-10 22:35:13.800246.jpg,1,-1
training_2025-06-10 22:35:14.472703.jpg,1,0
training_2025-06-10 22:35:15.143975.jpg,1,0
training_2025-06-10 22:35:15.820431.jpg,1,-1
training_2025-06-10 22:35:16.489728.jpg,1,-1
training_2025-06-10 22:35:17.162829.jpg,1,0
training_2025-06-10 22:35:17.835191.jpg,1,0
training_2025-06-10 22:35:18.612031.jpg,1,-1
training_2025-06-10 22:35:19.285259.jpg,1,0
training_2025-06-10 22:35:19.955125.jpg,1,-1
training_2025-06-10 22:35:20.631031.jpg,1,-1
training_2025-06-10 22:35:21.305326.jpg,1,0
training_2025-06-10 22:35:21.973339.jpg,1,0
training_2025-06-10 22:35:22.647231.jpg,1,-1
training_2025-06-10 22:35:23.319525.jpg,1,0
training_2025-06-10 22:35:24.090168.jpg,1,-1
training_2025-06-10 22:35:24.772720.jpg,1,0
training_2025-06-10 22:35:25.441123.jpg,1,0
training_2025-06-10 22:35:26.114230.jpg,1,-1
training_2025-06-10 22:35:26.786180.jpg,1,-1
training_2025-06-10 22:35:27.466068.jpg,1,0
training_2025-06-10 22:35:28.132143.jpg,1,0
training_2025-06-10 22:35:28.805578.jpg,1,-1
training_2025-06-10 22:35:29.551087.jpg,1,-1
training_2025-06-10 22:35:30.221401.jpg,1,-1
training_2025-06-10 22:35:30.888117.jpg,1,0
training_2025-06-10 22:35:31.569655.jpg,1,0
training_2025-06-10 22:35:32.232445.jpg,1,-1
training_2025-06-10 22:35:32.904585.jpg,1,-1
training_2025-06-10 22:35:33.578617.jpg,1,-1
training_2025-06-10 22:35:34.256260.jpg,1,0
training_2025-06-10 22:35:35.027261.jpg,1,0
training_2025-06-10 22:35:35.695617.jpg,1,-1
training_2025-06-10 22:35:36.368594.jpg,1,0
training_2025-06-10 22:35:37.042311.jpg,1,0
training_2025-06-10 22:35:37.712678.jpg,1,0
training_2025-06-10 22:35:38.387878.jpg,1,-1
training_2025-06-10 22:35:39.062714.jpg,1,0
training_2025-06-10 22:35:39.737121.jpg,1,0
training_2025-06-10 22:35:40.498211.jpg,1,-1
training_2025-06-10 22:35:41.178695.jpg,1,-1
training_2025-06-10 22:35:41.852321.jpg,1,0
training_2025-06-10 22:35:42.525203.jpg,1,0
training_2025-06-10 22:35:43.193500.jpg,1,-1
training_2025-06-10 22:35:43.865947.jpg,1,-1
training_2025-06-10 22:35:44.538914.jpg,1,-1
training_2025-06-10 22:35:45.217628.jpg,1,0
training_2025-06-10 22:35:45.960409.jpg,1,0
training_2025-06-10 22:35:46.626028.jpg,1,0
training_2025-06-10 22:35:47.298610.jpg,1,-1
training_2025-06-10 22:35:47.970579.jpg,1,-1
training_2025-06-10 22:35:48.644646.jpg,1,-1
training_2025-06-10 22:35:49.314722.jpg,1,0
training_2025-06-10 22:35:49.985283.jpg,1,0
training_2025-06-10 22:35:50.667622.jpg,1,-1
training_2025-06-10 22:35:51.440501.jpg,1,0
training_2025-06-10 22:35:52.106322.jpg,1,0
training_2025-06-10 22:35:52.778835.jpg,1,-1
training_2025-06-10 22:35:53.448906.jpg,1,-1
training_2025-06-10 22:35:54.121888.jpg,1,-1
training_2025-06-10 22:35:54.792768.jpg,1,0
training_2025-06-10 22:35:55.469140.jpg,1,0
training_2025-06-10 22:35:56.138140.jpg,1,0
training_2025-06-10 22:35:56.913290.jpg,1,-1
training_2025-06-10 22:35:57.593273.jpg,1,-1
training_2025-06-10 22:35:58.256826.jpg,1,-1
training_2025-06-10 22:35:58.929742.jpg,1,-1
training_2025-06-10 22:35:59.606328.jpg,1,-1
training_2025-06-10 22:36:00.274521.jpg,1,-1
training_2025-06-10 22:36:00.948740.jpg,1,0
training_2025-06-10 22:36:01.621767.jpg,1,0
training_2025-06-10 22:36:02.369765.jpg,1,0
training_2025-06-10 22:36:03.037986.jpg,1,-1
training_2025-06-10 22:36:03.712695.jpg,1,0
training_2025-06-10 22:36:04.378290.jpg,1,0
training_2025-06-10 22:36:05.049480.jpg,1,0
training_2025-06-10 22:36:05.722583.jpg,1,-1
training_2025-06-10 22:36:06.393559.jpg,1,-1
training_2025-06-10 22:36:07.064354.jpg,1,0
training_2025-06-10 22:36:07.836444.jpg,1,0
training_2025-06-10 22:36:08.512620.jpg,1,-1
training_2025-06-10 22:36:09.191953.jpg,1,-1
training_2025-06-10 22:36:09.857397.jpg,1,-1
training_2025-06-10 22:36:10.536799.jpg,1,0
training_2025-06-10 22:36:11.201385.jpg,1,0
training_2025-06-10 22:36:11.875274.jpg,1,0
training_2025-06-10 22:36:12.559054.jpg,1,-1
training_2025-06-10 22:36:13.318794.jpg,1,-1
training_2025-06-10 22:36:13.993343.jpg,1,0
training_2025-06-10 22:36:14.664350.jpg,1,0
training_2025-06-10 22:36:15.337057.jpg,1,-1
training_2025-06-10 22:36:16.009083.jpg,1,-1
training_2025-06-10 22:36:16.684924.jpg,1,0
training_2025-06-10 22:36:17.365958.jpg,1,0
training_2025-06-10 22:36:18.037629.jpg,1,0
training_2025-06-10 22:36:18.779832.jpg,1,-1
training_2025-06-10 22:36:19.446959.jpg,1,-1
training_2025-06-10 22:36:20.118945.jpg,1,0
training_2025-06-10 22:36:20.783197.jpg,1,0
training_2025-06-10 22:36:21.458567.jpg,1,-1
training_2025-06-10 22:36:22.127098.jpg,1,-1
training_2025-06-10 22:36:22.798689.jpg,1,-1
training_2025-06-10 22:36:23.476677.jpg,1,-1
training_2025-06-10 22:36:24.251971.jpg,1,0
training_2025-06-10 22:36:24.916197.jpg,1,0
training_2025-06-10 22:36:25.588703.jpg,1,-1
training_2025-06-10 22:36:26.259058.jpg,1,-1
training_2025-06-10 22:36:26.932870.jpg,1,0
training_2025-06-10 22:36:27.603830.jpg,1,0
training_2025-06-10 22:36:28.276358.jpg,1,0
training_2025-06-10 22:36:28.948894.jpg,1,0
training_2025-06-10 22:36:29.703246.jpg,1,-1
training_2025-06-10 22:36:30.371618.jpg,1,-1
training_2025-06-10 22:36:31.036041.jpg,1,0
training_2025-06-10 22:36:31.709104.jpg,1,0
training_2025-06-10 22:36:32.380582.jpg,1,-1
training_2025-06-10 22:36:33.053155.jpg,1,-1
training_2025-06-10 22:36:33.724542.jpg,1,-1
training_2025-06-10 22:36:34.397525.jpg,1,0
training_2025-06-10 22:36:35.165985.jpg,1,0
training_2025-06-10 22:36:35.851575.jpg,1,-1
training_2025-06-10 22:36:36.523661.jpg,1,0
training_2025-06-10 22:36:37.188711.jpg,1,-1
training_2025-06-10 22:36:37.860448.jpg,1,-1
training_2025-06-10 22:36:38.531561.jpg,1,0
training_2025-06-10 22:36:39.204374.jpg,1,0
training_2025-06-10 22:36:39.883677.jpg,1,0
training_2025-06-10 22:36:40.643442.jpg,1,-1
training_2025-06-10 22:36:41.290293.jpg,1,-1
training_2025-06-10 22:36:41.964447.jpg,1,0
training_2025-06-10 22:36:42.632818.jpg,1,0
training_2025-06-10 22:36:43.304511.jpg,1,-1
training_2025-06-10 22:36:43.977563.jpg,1,-1
training_2025-06-10 22:36:44.651280.jpg,1,0
training_2025-06-10 22:36:45.325185.jpg,1,0
training_2025-06-10 22:36:46.089241.jpg,1,-1
training_2025-06-10 22:36:46.740654.jpg,1,-1
training_2025-06-10 22:36:47.410641.jpg,1,-1
training_2025-06-10 22:36:48.083027.jpg,1,0
training_2025-06-10 22:36:48.756440.jpg,1,0
training_2025-06-10 22:36:49.428133.jpg,1,0
training_2025-06-10 22:36:50.099503.jpg,1,0
training_2025-06-10 22:36:50.774857.jpg,1,-1
training_2025-06-10 22:36:51.544786.jpg,1,-1
training_2025-06-10 22:36:52.223602.jpg,1,0
training_2025-06-10 22:36:52.894779.jpg,1,0
training_2025-06-10 22:36:53.566747.jpg,1,-1
training_2025-06-10 22:36:54.238413.jpg,1,-1
training_2025-06-10 22:36:54.908497.jpg,1,0
training_2025-06-10 22:36:55.582394.jpg,1,0
training_2025-06-10 22:36:56.254546.jpg,1,0
training_2025-06-10 22:36:57.005192.jpg,1,-1
training_2025-06-10 22:36:57.668031.jpg,1,-1
training_2025-06-10 22:36:58.339362.jpg,1,-1
training_2025-06-10 22:36:59.014248.jpg,1,-1
training_2025-06-10 22:36:59.683083.jpg,1,0
training_2025-06-10 22:37:00.359535.jpg,1,0
training_2025-06-10 22:37:01.035583.jpg,1,0
training_2025-06-10 22:37:01.701713.jpg,1,-1
training_2025-06-10 22:37:02.472122.jpg,1,0
training_2025-06-10 22:37:03.148301.jpg,1,-1
training_2025-06-10 22:37:03.821788.jpg,1,0
training_2025-06-10 22:37:04.504639.jpg,1,0
training_2025-06-10 22:37:05.163610.jpg,1,-1
training_2025-06-10 22:37:05.839388.jpg,1,-1
training_2025-06-10 22:37:06.511753.jpg,1,0
training_2025-06-10 22:37:07.182304.jpg,1,0
training_2025-06-10 22:37:07.919948.jpg,1,0
training_2025-06-10 22:37:08.592210.jpg,1,-1
training_2025-06-10 22:37:09.272445.jpg,1,-1
training_2025-06-10 22:37:09.935446.jpg,1,-1
training_2025-06-10 22:37:10.608375.jpg,1,-1
training_2025-06-10 22:37:11.281754.jpg,1,-1
training_2025-06-10 22:37:11.956367.jpg,1,0
training_2025-06-10 22:37:12.630060.jpg,1,0
training_2025-06-10 22:37:13.392491.jpg,1,0
training_2025-06-10 22:37:14.040525.jpg,1,-1
training_2025-06-10 22:37:14.710464.jpg,1,-1
training_2025-06-10 22:37:15.384789.jpg,1,0
training_2025-06-10 22:37:16.056020.jpg,1,0
training_2025-06-10 22:37:16.728230.jpg,1,0
training_2025-06-10 22:37:17.401719.jpg,1,0
training_2025-06-10 22:37:18.073338.jpg,1,-1
training_2025-06-10 22:37:18.819635.jpg,1,-1
training_2025-06-10 22:37:19.486897.jpg,1,-1
training_2025-06-10 22:37:20.159056.jpg,1,0
training_2025-06-10 22:37:20.832919.jpg,1,0
training_2025-06-10 22:37:21.501522.jpg,1,-1
training_2025-06-10 22:37:22.182091.jpg,1,-1
training_2025-06-10 22:37:22.848939.jpg,1,0
training_2025-06-10 22:37:23.520455.jpg,1,0
training_2025-06-10 22:37:24.291802.jpg,1,-1
training_2025-06-10 22:37:24.967915.jpg,1,-1
training_2025-06-10 22:37:25.640455.jpg,1,0
training_2025-06-10 22:37:26.313471.jpg,1,0
training_2025-06-10 22:37:26.983096.jpg,1,-1
training_2025-06-10 22:37:27.662108.jpg,1,0
training_2025-06-10 22:37:28.330518.jpg,1,-1
training_2025-06-10 22:37:29.003405.jpg,1,0
training_2025-06-10 22:37:29.777904.jpg,1,-1
training_2025-06-10 22:37:30.452561.jpg,1,-1
training_2025-06-10 22:37:31.128863.jpg,1,0
training_2025-06-10 22:37:31.803150.jpg,1,0
training_2025-06-10 22:37:32.472860.jpg,1,-1
training_2025-06-10 22:37:33.153783.jpg,1,-1
training_2025-06-10 22:37:33.818705.jpg,1,-1
training_2025-06-10 22:37:34.498772.jpg,1,-1
training_2025-06-10 22:37:35.239831.jpg,1,0
training_2025-06-10 22:37:35.904887.jpg,1,0
training_2025-06-10 22:37:36.576626.jpg,1,-1
training_2025-06-10 22:37:37.248730.jpg,1,-1
training_2025-06-10 22:37:37.923923.jpg,1,0
training_2025-06-10 22:37:38.593402.jpg,1,0
training_2025-06-10 22:37:39.264886.jpg,1,0
training_2025-06-10 22:37:39.941189.jpg,1,0
training_2025-06-10 22:37:40.711936.jpg,1,-1
training_2025-06-10 22:37:41.391903.jpg,1,-1
training_2025-06-10 22:37:42.054699.jpg,1,0
training_2025-06-10 22:37:42.727323.jpg,1,0
training_2025-06-10 22:37:43.399081.jpg,1,-1
training_2025-06-10 22:37:44.073081.jpg,1,-1
training_2025-06-10 22:37:44.745433.jpg,1,-1
training_2025-06-10 22:37:45.418863.jpg,1,0
training_2025-06-10 22:37:46.182119.jpg,1,0
training_2025-06-10 22:37:46.831322.jpg,1,-1
training_2025-06-10 22:37:47.501438.jpg,1,-1
training_2025-06-10 22:37:48.176522.jpg,1,0
training_2025-06-10 22:37:48.854257.jpg,1,0
training_2025-06-10 22:37:49.518397.jpg,1,-1
training_2025-06-10 22:37:50.195480.jpg,1,0
training_2025-06-10 22:37:50.867958.jpg,1,0
training_2025-06-10 22:37:51.628045.jpg,1,-1
training_2025-06-10 22:37:52.308685.jpg,1,0
training_2025-06-10 22:37:52.977954.jpg,1,-1
training_2025-06-10 22:37:53.650461.jpg,1,-1
training_2025-06-10 22:37:54.323052.jpg,1,0
training_2025-06-10 22:37:54.997223.jpg,1,0
training_2025-06-10 22:37:55.666956.jpg,1,-1
training_2025-06-10 22:37:56.337414.jpg,1,-1
training_2025-06-10 22:37:57.110797.jpg,1,-1
training_2025-06-10 22:37:57.783781.jpg,1,0
training_2025-06-10 22:37:58.455105.jpg,1,0
training_2025-06-10 22:37:59.138913.jpg,1,-1
training_2025-06-10 22:37:59.809124.jpg,1,-1
training_2025-06-10 22:38:00.474749.jpg,1,0
training_2025-06-10 22:38:01.149649.jpg,1,0
training_2025-06-10 22:38:01.820209.jpg,1,0
training_2025-06-10 22:38:02.587032.jpg,1,0
training_2025-06-10 22:38:03.267416.jpg,1,-1
training_2025-06-10 22:38:03.943136.jpg,1,-1
training_2025-06-10 22:38:04.620221.jpg,1,0
training_2025-06-10 22:38:05.284328.jpg,1,0
training_2025-06-10 22:38:05.956654.jpg,1,-1
training_2025-06-10 22:38:06.630403.jpg,1,-1
training_2025-06-10 22:38:07.300497.jpg,1,-1
training_2025-06-10 22:38:08.055993.jpg,1,0
training_2025-06-10 22:38:08.720408.jpg,1,0
training_2025-06-10 22:38:09.389832.jpg,1,-1
training_2025-06-10 22:38:10.063545.jpg,1,0
training_2025-06-10 22:38:10.734857.jpg,1,-1
training_2025-06-10 22:38:11.409884.jpg,1,-1
training_2025-06-10 22:38:12.078382.jpg,1,0
training_2025-06-10 22:38:12.751265.jpg,1,0
training_2025-06-10 22:38:13.518789.jpg,1,0
training_2025-06-10 22:38:14.196686.jpg,1,-1
training_2025-06-10 22:38:14.868450.jpg,1,0
training_2025-06-10 22:38:15.540083.jpg,1,0
training_2025-06-10 22:38:16.212561.jpg,1,-1
training_2025-06-10 22:38:16.884830.jpg,1,-1
training_2025-06-10 22:38:17.557847.jpg,1,-1
training_2025-06-10 22:38:18.234350.jpg,1,0
training_2025-06-10 22:38:19.002425.jpg,1,0
training_2025-06-10 22:38:19.679499.jpg,1,-1
training_2025-06-10 22:38:20.349470.jpg,1,-1
training_2025-06-10 22:38:21.020870.jpg,1,-1
training_2025-06-10 22:38:21.697289.jpg,1,-1
training_2025-06-10 22:38:22.365801.jpg,1,0
training_2025-06-10 22:38:23.039962.jpg,1,0
training_2025-06-10 22:38:23.712226.jpg,1,0
training_2025-06-10 22:38:24.464261.jpg,1,0
training_2025-06-10 22:38:25.127494.jpg,1,0
training_2025-06-10 22:38:25.797369.jpg,1,0
training_2025-06-10 22:38:26.471765.jpg,1,-1
training_2025-06-10 22:38:27.142973.jpg,1,-1
training_2025-06-10 22:38:27.818753.jpg,1,-1
training_2025-06-10 22:38:28.488450.jpg,1,0
training_2025-06-10 22:38:29.165073.jpg,1,0
training_2025-06-10 22:38:29.929713.jpg,1,0
training_2025-06-10 22:38:30.608876.jpg,1,-1
training_2025-06-10 22:38:31.276277.jpg,1,-1
training_2025-06-10 22:38:31.952538.jpg,1,-1
training_2025-06-10 22:38:32.625282.jpg,1,0
training_2025-06-10 22:38:33.297231.jpg,1,0
training_2025-06-10 22:38:33.970843.jpg,1,0
training_2025-06-10 22:38:34.637678.jpg,1,-1
training_2025-06-10 22:38:35.382415.jpg,1,-1
training_2025-06-10 22:38:36.050519.jpg,1,-1
training_2025-06-10 22:38:36.724103.jpg,1,0
training_2025-06-10 22:38:37.396729.jpg,1,0
training_2025-06-10 22:38:38.066856.jpg,1,0
training_2025-06-10 22:38:38.744784.jpg,1,0
training_2025-06-10 22:38:39.412178.jpg,1,-1
training_2025-06-10 22:38:40.083619.jpg,1,-1
training_2025-06-10 22:38:40.857901.jpg,1,-1
training_2025-06-10 22:38:41.532903.jpg,1,0
training_2025-06-10 22:38:42.206057.jpg,1,0
training_2025-06-10 22:38:42.877206.jpg,1,-1
training_2025-06-10 22:38:43.550864.jpg,1,-1
training_2025-06-10 22:38:44.222856.jpg,1,-1
training_2025-06-10 22:38:44.897746.jpg,1,0
training_2025-06-10 22:38:45.570408.jpg,1,0
training_2025-06-10 22:38:46.337298.jpg,1,0
training_2025-06-10 22:38:47.015702.jpg,1,-1
training_2025-06-10 22:38:47.684323.jpg,1,-1
training_2025-06-10 22:38:48.364245.jpg,1,0
training_2025-06-10 22:38:49.028403.jpg,1,0
training_2025-06-10 22:38:49.702150.jpg,1,0
training_2025-06-10 22:38:50.373240.jpg,1,0
training_2025-06-10 22:38:51.050796.jpg,1,-1
training_2025-06-10 22:38:51.817239.jpg,1,-1
training_2025-06-10 22:38:52.493618.jpg,1,-1
training_2025-06-10 22:38:53.170418.jpg,1,0
training_2025-06-10 22:38:53.841535.jpg,1,0
training_2025-06-10 22:38:54.510957.jpg,1,0
training_2025-06-10 22:38:55.181154.jpg,1,-1
training_2025-06-10 22:38:55.859079.jpg,1,-1
training_2025-06-10 22:38:56.525290.jpg,1,0
training_2025-06-10 22:38:57.279877.jpg,1,-1
training_2025-06-10 22:38:57.941807.jpg,1,-1
training_2025-06-10 22:38:58.612627.jpg,1,-1
training_2025-06-10 22:38:59.287085.jpg,1,0
training_2025-06-10 22:38:59.959360.jpg,1,0
training_2025-06-10 22:39:00.631110.jpg,1,0
training_2025-06-10 22:39:01.304407.jpg,1,0
training_2025-06-10 22:39:01.976309.jpg,1,0
training_2025-06-10 22:39:02.740626.jpg,1,-1
training_2025-06-10 22:39:03.387372.jpg,1,-1
training_2025-06-10 22:39:04.059309.jpg,1,-1
training_2025-06-10 22:39:04.733290.jpg,1,0
training_2025-06-10 22:39:05.401777.jpg,1,0
training_2025-06-10 22:39:06.073592.jpg,1,-1
training_2025-06-10 22:39:06.745603.jpg,1,-1
training_2025-06-10 22:39:07.422817.jpg,1,-1
training_2025-06-10 22:39:08.180906.jpg,1,-1
training_2025-06-10 22:39:08.835631.jpg,1,0
training_2025-06-10 22:39:09.507968.jpg,1,0
training_2025-06-10 22:39:10.182435.jpg,1,-1
training_2025-06-10 22:39:10.854744.jpg,1,0
training_2025-06-10 22:39:11.527971.jpg,1,0
training_2025-06-10 22:39:12.200435.jpg,1,0
training_2025-06-10 22:39:12.872784.jpg,1,0
training_2025-06-10 22:39:13.637266.jpg,1,-1
training_2025-06-10 22:39:14.284741.jpg,1,-1
training_2025-06-10 22:39:14.955442.jpg,1,0
training_2025-06-10 22:39:15.629557.jpg,1,-1
training_2025-06-10 22:39:16.301246.jpg,1,-1
training_2025-06-10 22:39:16.976787.jpg,1,0
training_2025-06-10 22:39:17.646648.jpg,1,0
training_2025-06-10 22:39:18.322830.jpg,1,-1
training_2025-06-10 22:39:19.085661.jpg,1,0
training_2025-06-10 22:39:19.733939.jpg,1,-1
training_2025-06-10 22:39:20.405895.jpg,1,0
training_2025-06-10 22:39:21.076443.jpg,1,-1
training_2025-06-10 22:39:21.751359.jpg,1,0
training_2025-06-10 22:39:22.421536.jpg,1,-1
training_2025-06-10 22:39:23.095279.jpg,1,0
training_2025-06-10 22:39:23.767194.jpg,1,-1
training_2025-06-10 22:39:24.542182.jpg,1,0
training_2025-06-10 22:39:25.215739.jpg,1,-1
training_2025-06-10 22:39:25.889187.jpg,1,0
training_2025-06-10 22:39:26.561461.jpg,1,0
training_2025-06-10 22:39:27.236831.jpg,1,0
training_2025-06-10 22:39:27.913335.jpg,1,-1
training_2025-06-10 22:39:28.577623.jpg,1,-1
training_2025-06-10 22:39:29.258062.jpg,1,0
training_2025-06-10 22:39:30.002361.jpg,1,-1
training_2025-06-10 22:39:30.670368.jpg,1,-1
training_2025-06-10 22:39:31.338886.jpg,1,-1
training_2025-06-10 22:39:32.013248.jpg,1,-1
training_2025-06-10 22:39:32.684906.jpg,1,0
training_2025-06-10 22:39:33.364764.jpg,1,0
training_2025-06-10 22:39:34.031404.jpg,1,0
training_2025-06-10 22:39:34.711647.jpg,1,0
training_2025-06-10 22:39:35.480519.jpg,1,0
training_2025-06-10 22:39:36.149477.jpg,1,0
training_2025-06-10 22:39:36.822277.jpg,1,-1
training_2025-06-10 22:39:37.493189.jpg,1,-1
training_2025-06-10 22:39:38.178649.jpg,1,-1
training_2025-06-10 22:39:38.837398.jpg,1,0
training_2025-06-10 22:39:39.511869.jpg,1,0
training_2025-06-10 22:39:40.186435.jpg,1,-1
training_2025-06-10 22:39:40.952151.jpg,1,-1
training_2025-06-10 22:39:41.596636.jpg,1,0
training_2025-06-10 22:39:42.267484.jpg,1,0
training_2025-06-10 22:39:42.943266.jpg,1,-1
training_2025-06-10 22:39:43.614284.jpg,1,-1
training_2025-06-10 22:39:44.283763.jpg,1,0
training_2025-06-10 22:39:44.956398.jpg,1,0
training_2025-06-10 22:39:45.627560.jpg,1,-1
training_2025-06-10 22:39:46.395223.jpg,1,-1
training_2025-06-10 22:39:47.076029.jpg,1,0
training_2025-06-10 22:39:47.744411.jpg,1,0
training_2025-06-10 22:39:48.417237.jpg,1,-1
training_2025-06-10 22:39:49.093093.jpg,1,0
training_2025-06-10 22:39:49.763278.jpg,1,-1
training_2025-06-10 22:39:50.437690.jpg,1,-1
training_2025-06-10 22:39:51.107529.jpg,1,0
training_2025-06-10 22:39:51.870582.jpg,1,0
training_2025-06-10 22:39:52.520052.jpg,1,-1
training_2025-06-10 22:39:53.192512.jpg,1,-1
training_2025-06-10 22:39:53.863757.jpg,1,-1
training_2025-06-10 22:39:54.537250.jpg,1,0
training_2025-06-10 22:39:55.210044.jpg,1,-1
training_2025-06-10 22:39:55.891510.jpg,1,-1
training_2025-06-10 22:39:56.556090.jpg,1,0
training_2025-06-10 22:39:57.319886.jpg,1,0
training_2025-06-10 22:39:57.966481.jpg,1,0
training_2025-06-10 22:39:58.642635.jpg,1,0
training_2025-06-10 22:39:59.314903.jpg,1,0
training_2025-06-10 22:39:59.984411.jpg,1,0
training_2025-06-10 22:40:00.657796.jpg,1,0
training_2025-06-10 22:40:01.331410.jpg,1,-1
training_2025-06-10 22:40:02.003314.jpg,1,-1
training_2025-06-10 22:40:02.770677.jpg,1,-1
training_2025-06-10 22:40:03.454803.jpg,1,0
training_2025-06-10 22:40:04.119262.jpg,1,0
training_2025-06-10 22:40:04.793749.jpg,1,0
training_2025-06-10 22:40:05.466061.jpg,1,-1
training_2025-06-10 22:40:06.137254.jpg,1,-1
training_2025-06-10 22:40:06.814025.jpg,1,0
training_2025-06-10 22:40:07.486070.jpg,1,0
training_2025-06-10 22:40:08.231048.jpg,1,0
training_2025-06-10 22:40:08.898717.jpg,1,-1
training_2025-06-10 22:40:09.567460.jpg,1,-1
training_2025-06-10 22:40:10.239584.jpg,1,0
training_2025-06-10 22:40:10.911780.jpg,1,-1
training_2025-06-10 22:40:11.586161.jpg,1,0
training_2025-06-10 22:40:12.260902.jpg,1,0
training_2025-06-10 22:40:12.929758.jpg,1,0
training_2025-06-10 22:40:13.708364.jpg,1,-1
training_2025-06-10 22:40:14.378211.jpg,1,-1
training_2025-06-10 22:40:15.049824.jpg,1,0
training_2025-06-10 22:40:15.730686.jpg,1,-1
training_2025-06-10 22:40:16.405125.jpg,1,-1
training_2025-06-10 22:40:17.070018.jpg,1,-1
training_2025-06-10 22:40:17.740410.jpg,1,0
training_2025-06-10 22:40:18.419502.jpg,1,0
training_2025-06-10 22:40:19.194397.jpg,1,-1
training_2025-06-10 22:40:19.863898.jpg,1,-1
training_2025-06-10 22:40:20.543200.jpg,1,0
training_2025-06-10 22:40:21.216691.jpg,1,0
training_2025-06-10 22:40:21.882278.jpg,1,-1
training_2025-06-10 22:40:22.557630.jpg,1,0
training_2025-06-10 22:40:23.227770.jpg,1,0
training_2025-06-10 22:40:23.907229.jpg,1,0
training_2025-06-10 22:40:24.672495.jpg,1,-1
training_2025-06-10 22:40:25.355884.jpg,1,0
training_2025-06-10 22:40:26.025310.jpg,1,0
training_2025-06-10 22:40:26.696855.jpg,1,-1
training_2025-06-10 22:40:27.369500.jpg,1,-1
training_2025-06-10 22:40:28.044092.jpg,1,0
training_2025-06-10 22:40:28.715091.jpg,1,0
training_2025-06-10 22:40:29.385824.jpg,1,-1
training_2025-06-10 22:40:30.142109.jpg,1,-1
training_2025-06-10 22:40:30.805331.jpg,1,0
training_2025-06-10 22:40:31.475540.jpg,1,0
training_2025-06-10 22:40:32.149489.jpg,1,-1
training_2025-06-10 22:40:32.819749.jpg,1,0
training_2025-06-10 22:40:33.494114.jpg,1,0
training_2025-06-10 22:40:34.164918.jpg,1,-1
training_2025-06-10 22:40:34.838540.jpg,1,0
training_2025-06-10 22:40:35.610627.jpg,1,-1
training_2025-06-10 22:40:36.286358.jpg,1,0
training_2025-06-10 22:40:36.956010.jpg,1,0
training_2025-06-10 22:40:37.628408.jpg,1,-1
training_2025-06-10 22:40:38.300954.jpg,1,0
training_2025-06-10 22:40:38.969702.jpg,1,-1
training_2025-06-10 22:40:39.645850.jpg,1,0
training_2025-06-10 22:40:40.315032.jpg,1,0
training_2025-06-10 22:40:41.086631.jpg,1,-1
training_2025-06-10 22:40:41.763716.jpg,1,-1
training_2025-06-10 22:40:42.435211.jpg,1,-1
training_2025-06-10 22:40:43.108001.jpg,1,-1
training_2025-06-10 22:40:43.782595.jpg,1,-1
training_2025-06-10 22:40:44.455186.jpg,1,0
training_2025-06-10 22:40:45.124655.jpg,1,0
training_2025-06-10 22:40:45.810107.jpg,1,0
training_2025-06-10 22:40:46.547848.jpg,1,0
training_2025-06-10 22:40:47.212959.jpg,1,0
training_2025-06-10 22:40:47.882270.jpg,1,0
training_2025-06-10 22:40:48.555613.jpg,1,-1
training_2025-06-10 22:40:49.226423.jpg,1,-1
training_2025-06-10 22:40:49.897209.jpg,1,-1
training_2025-06-10 22:40:50.571517.jpg,1,0
training_2025-06-10 22:40:51.249287.jpg,1,0
training_2025-06-10 22:40:52.012378.jpg,1,-1
training_2025-06-10 22:40:52.688522.jpg,1,-1
training_2025-06-10 22:40:53.361487.jpg,1,0
training_2025-06-10 22:40:54.032400.jpg,1,0
training_2025-06-10 22:40:54.704904.jpg,1,-1
training_2025-06-10 22:40:55.377492.jpg,1,-1
training_2025-06-10 22:40:56.051949.jpg,1,-1
training_2025-06-10 22:40:56.723021.jpg,1,0
training_2025-06-10 22:40:57.492452.jpg,1,0
training_2025-06-10 22:40:58.149561.jpg,1,0
training_2025-06-10 22:40:58.812638.jpg,1,-1
training_2025-06-10 22:40:59.485199.jpg,1,-1
training_2025-06-10 22:41:00.154837.jpg,1,0
training_2025-06-10 22:41:00.835293.jpg,1,0
training_2025-06-10 22:41:01.500732.jpg,1,0
training_2025-06-10 22:41:02.172336.jpg,1,-1
training_2025-06-10 22:41:02.942513.jpg,1,0
training_2025-06-10 22:41:03.618775.jpg,1,0
training_2025-06-10 22:41:04.290719.jpg,1,-1
training_2025-06-10 22:41:04.974708.jpg,1,-1
training_2025-06-10 22:41:05.639874.jpg,1,-1
training_2025-06-10 22:41:06.313077.jpg,1,0
training_2025-06-10 22:41:06.985516.jpg,1,0
training_2025-06-10 22:41:07.654350.jpg,1,-1
training_2025-06-10 22:41:08.425981.jpg,1,0
training_2025-06-10 22:41:09.104162.jpg,1,0
training_2025-06-10 22:41:09.788629.jpg,1,-1
training_2025-06-10 22:41:10.449193.jpg,1,0
training_2025-06-10 22:41:11.128810.jpg,1,0
training_2025-06-10 22:41:11.796413.jpg,1,-1
training_2025-06-10 22:41:12.465624.jpg,1,0
training_2025-06-10 22:41:13.147681.jpg,1,-1
training_2025-06-10 22:41:13.911251.jpg,1,0
training_2025-06-10 22:41:14.589971.jpg,1,0
training_2025-06-10 22:41:15.262606.jpg,1,-1
training_2025-06-10 22:41:15.936408.jpg,1,0
training_2025-06-10 22:41:16.607331.jpg,1,-1
training_2025-06-10 22:41:17.277592.jpg,1,0
training_2025-06-10 22:41:17.950163.jpg,1,-1
training_2025-06-10 22:41:18.624237.jpg,1,-1
training_2025-06-10 22:41:19.374475.jpg,1,0
training_2025-06-10 22:41:20.041264.jpg,1,0
training_2025-06-10 22:41:20.715218.jpg,1,-1
training_2025-06-10 22:41:21.385311.jpg,1,0
training_2025-06-10 22:41:22.060636.jpg,1,0
training_2025-06-10 22:41:22.732036.jpg,1,-1
training_2025-06-10 22:41:23.405115.jpg,1,0
training_2025-06-10 22:41:24.079457.jpg,1,0
training_2025-06-10 22:41:24.846674.jpg,1,-1
training_2025-06-10 22:41:25.521124.jpg,1,-1
training_2025-06-10 22:41:26.197054.jpg,1,0
training_2025-06-10 22:41:26.864234.jpg,1,0
training_2025-06-10 22:41:27.535978.jpg,1,-1
training_2025-06-10 22:41:28.207205.jpg,1,-1
training_2025-06-10 22:41:28.881623.jpg,1,0
training_2025-06-10 22:41:29.560933.jpg,1,0
training_2025-06-10 22:41:30.321135.jpg,1,-1
training_2025-06-10 22:41:30.972262.jpg,1,-1
training_2025-06-10 22:41:31.637472.jpg,1,0
training_2025-06-10 22:41:32.311391.jpg,1,0
training_2025-06-10 22:41:32.981571.jpg,1,0
training_2025-06-10 22:41:33.655718.jpg,1,0
training_2025-06-10 22:41:34.325829.jpg,1,-1
training_2025-06-10 22:41:34.998479.jpg,1,-1
training_2025-06-10 22:41:35.767348.jpg,1,-1
training_2025-06-10 22:41:36.447789.jpg,1,0
training_2025-06-10 22:41:37.116679.jpg,1,0
training_2025-06-10 22:41:37.793289.jpg,1,0
training_2025-06-10 22:41:38.462545.jpg,1,-1
training_2025-06-10 22:41:39.133989.jpg,1,-1
training_2025-06-10 22:41:39.807836.jpg,1,-1
training_2025-06-10 22:41:40.479278.jpg,1,0
training_2025-06-10 22:41:41.249233.jpg,1,0
training_2025-06-10 22:41:41.924447.jpg,1,-1
training_2025-06-10 22:41:42.597174.jpg,1,-1
training_2025-06-10 22:41:43.269347.jpg,1,0
training_2025-06-10 22:41:43.946386.jpg,1,-1
training_2025-06-10 22:41:44.615575.jpg,1,0
training_2025-06-10 22:41:45.288701.jpg,1,-1
training_2025-06-10 22:41:45.959535.jpg,1,0
training_2025-06-10 22:41:46.731776.jpg,1,0
training_2025-06-10 22:41:47.405960.jpg,1,0
training_2025-06-10 22:41:48.078591.jpg,1,-1
training_2025-06-10 22:41:48.752051.jpg,1,-1
training_2025-06-10 22:41:49.423503.jpg,1,-1
training_2025-06-10 22:41:50.102368.jpg,1,0
training_2025-06-10 22:41:50.768826.jpg,1,-1
training_2025-06-10 22:41:51.436219.jpg,1,-1
training_2025-06-10 22:41:52.190928.jpg,1,-1
training_2025-06-10 22:41:52.853399.jpg,1,0
training_2025-06-10 22:41:53.533672.jpg,1,0
training_2025-06-10 22:41:54.196769.jpg,1,0
training_2025-06-10 22:41:54.878904.jpg,1,-1
training_2025-06-10 22:41:55.544367.jpg,1,0
training_2025-06-10 22:41:56.214308.jpg,1,-1
training_2025-06-10 22:41:56.890641.jpg,1,-1
training_2025-06-10 22:41:57.662145.jpg,1,0
training_2025-06-10 22:41:58.337132.jpg,0,0
training_2025-06-10 22:41:59.009312.jpg,0,0
training_2025-06-10 22:41:59.679406.jpg,0,-1
training_2025-06-10 22:42:00.362218.jpg,0,-1
training_2025-06-10 22:42:01.025473.jpg,0,0
training_2025-06-10 22:42:01.694535.jpg,0,0
training_2025-06-10 22:42:02.374741.jpg,0,-1
training_2025-06-10 22:42:03.134621.jpg,0,-1
training_2025-06-10 22:42:03.780395.jpg,0,-1
training_2025-06-10 22:42:04.452404.jpg,0,0
training_2025-06-10 22:42:05.124925.jpg,0,0
training_2025-06-10 22:42:05.799959.jpg,0,-1
training_2025-06-10 22:42:06.468094.jpg,0,-1
training_2025-06-10 22:42:07.143937.jpg,0,-1
training_2025-06-10 22:42:09.260184.jpg,0,-1
training_2025-06-10 22:42:11.277591.jpg,0,-1
training_2025-06-10 22:42:11.951380.jpg,0,-1
training_2025-06-10 22:42:14.076800.jpg,0,-1
training_2025-06-10 22:42:14.740638.jpg,0,-1
training_2025-06-10 22:42:15.412493.jpg,0,-1
training_2025-06-10 22:42:18.111907.jpg,0,-1
training_2025-06-10 22:42:18.778210.jpg,0,-1
training_2025-06-10 22:42:19.545701.jpg,0,-1
training_2025-06-10 22:42:20.895121.jpg,0,-1
training_2025-06-10 22:42:21.576776.jpg,0,-1
training_2025-06-10 22:42:25.672273.jpg,0,-1
training_2025-06-10 22:42:26.344626.jpg,0,-1
training_2025-06-10 22:42:27.025032.jpg,0,-1
training_2025-06-10 22:50:02.687086.jpg,0,0
training_2025-06-10 22:50:03.376700.jpg,0,0
training_2025-06-10 22:50:04.046321.jpg,0,0
training_2025-06-10 22:50:04.727703.jpg,1,0
training_2025-06-10 22:50:05.394023.jpg,1,0
training_2025-06-10 22:50:06.066667.jpg,1,0
training_2025-06-10 22:50:06.843135.jpg,1,1
training_2025-06-10 22:50:07.508901.jpg,1,0
training_2025-06-10 22:50:08.183238.jpg,1,1
training_2025-06-10 22:50:08.855212.jpg,1,1
training_2025-06-10 22:50:09.529930.jpg,1,1
training_2025-06-10 22:50:10.200708.jpg,1,1
training_2025-06-10 22:50:10.871037.jpg,1,1
training_2025-06-10 22:50:11.542135.jpg,1,0
training_2025-06-10 22:50:12.311396.jpg,1,1
training_2025-06-10 22:50:12.987858.jpg,1,1
training_2025-06-10 22:50:13.659394.jpg,1,1
training_2025-06-10 22:50:14.330456.jpg,1,1
training_2025-06-10 22:50:15.004004.jpg,1,1
training_2025-06-10 22:50:15.673840.jpg,1,1
training_2025-06-10 22:50:16.346246.jpg,1,1
training_2025-06-10 22:50:17.017540.jpg,1,0
training_2025-06-10 22:50:17.770360.jpg,1,1
training_2025-06-10 22:50:18.432430.jpg,1,1
training_2025-06-10 22:50:19.103649.jpg,1,1
training_2025-06-10 22:50:19.773553.jpg,1,1
training_2025-06-10 22:50:20.452353.jpg,1,0
training_2025-06-10 22:50:21.124854.jpg,1,1
training_2025-06-10 22:50:21.799065.jpg,1,1
training_2025-06-10 22:50:22.462300.jpg,1,1
training_2025-06-10 22:50:23.230491.jpg,1,1
training_2025-06-10 22:50:23.914878.jpg,1,0
training_2025-06-10 22:50:24.576258.jpg,1,1
training_2025-06-10 22:50:25.247930.jpg,1,0
training_2025-06-10 22:50:25.930235.jpg,1,1
training_2025-06-10 22:50:26.599099.jpg,1,0
training_2025-06-10 22:50:27.268414.jpg,1,0
training_2025-06-10 22:50:27.940034.jpg,1,1
training_2025-06-10 22:50:28.684033.jpg,1,1
training_2025-06-10 22:50:29.348177.jpg,1,1
training_2025-06-10 22:50:30.022544.jpg,1,1
training_2025-06-10 22:50:30.690990.jpg,1,0
training_2025-06-10 22:50:31.364470.jpg,1,0
training_2025-06-10 22:50:32.035543.jpg,1,1
training_2025-06-10 22:50:32.718373.jpg,1,1
training_2025-06-10 22:50:33.391258.jpg,1,1
training_2025-06-10 22:50:34.146940.jpg,1,1
training_2025-06-10 22:50:34.825051.jpg,1,0
training_2025-06-10 22:50:35.491074.jpg,1,1
training_2025-06-10 22:50:36.166152.jpg,1,0
training_2025-06-10 22:50:36.836937.jpg,1,1
training_2025-06-10 22:50:37.507521.jpg,1,1
training_2025-06-10 22:50:38.182471.jpg,1,1
training_2025-06-10 22:50:38.850729.jpg,1,0
training_2025-06-10 22:50:39.588830.jpg,1,1
training_2025-06-10 22:50:40.258614.jpg,1,1
training_2025-06-10 22:50:40.934560.jpg,1,1
training_2025-06-10 22:50:41.600893.jpg,1,0
training_2025-06-10 22:50:42.273117.jpg,1,0
training_2025-06-10 22:50:42.950893.jpg,1,1
training_2025-06-10 22:50:43.614044.jpg,1,1
training_2025-06-10 22:50:44.287627.jpg,1,1
training_2025-06-10 22:50:45.062090.jpg,1,0
training_2025-06-10 22:50:45.743966.jpg,1,0
training_2025-06-10 22:50:46.414494.jpg,1,1
training_2025-06-10 22:50:47.075849.jpg,1,1
training_2025-06-10 22:50:47.751279.jpg,1,1
training_2025-06-10 22:50:48.426482.jpg,1,1
training_2025-06-10 22:50:49.095119.jpg,1,0
training_2025-06-10 22:50:49.768842.jpg,0,0
training_2025-06-10 22:50:50.538976.jpg,0,0
training_2025-06-10 22:50:51.223642.jpg,0,0
training_2025-06-10 22:50:51.893305.jpg,0,0
training_2025-06-10 22:50:52.566379.jpg,0,0
training_2025-06-10 22:50:53.232207.jpg,0,0
training_2025-06-10 22:50:53.904414.jpg,0,0
training_2025-06-10 22:50:54.575021.jpg,0,0
training_2025-06-10 22:50:55.248728.jpg,0,0
training_2025-06-10 22:50:56.003106.jpg,0,0
training_2025-06-10 22:50:56.652513.jpg,0,0
training_2025-06-10 22:50:57.324407.jpg,0,0
training_2025-06-10 22:50:57.997885.jpg,0,0
training_2025-06-10 22:50:58.670644.jpg,0,0
training_2025-06-10 22:50:59.338821.jpg,0,0
training_2025-06-10 22:51:00.012292.jpg,0,0
training_2025-06-10 22:51:00.682246.jpg,0,0
training_2025-06-10 22:51:01.446045.jpg,0,0
training_2025-06-10 22:51:02.126574.jpg,0,0
training_2025-06-10 22:51:02.795697.jpg,0,0
training_2025-06-10 22:51:03.468515.jpg,0,0
training_2025-06-10 22:51:04.137903.jpg,0,0
training_2025-06-10 22:51:04.817777.jpg,0,0
training_2025-06-10 22:51:05.489305.jpg,0,0
training_2025-06-10 22:51:06.168671.jpg,0,0
training_2025-06-10 22:51:06.905585.jpg,0,0
training_2025-06-10 22:51:07.572411.jpg,0,0
training_2025-06-10 22:51:08.242931.jpg,0,0
training_2025-06-10 22:51:08.918600.jpg,0,0
training_2025-06-10 22:51:09.589193.jpg,0,0
training_2025-06-10 22:51:10.255175.jpg,0,0
training_2025-06-10 22:51:10.920106.jpg,0,0
training_2025-06-10 22:51:11.588626.jpg,0,0
training_2025-06-10 22:51:12.358908.jpg,0,0
training_2025-06-10 22:51:13.037884.jpg,0,0
training_2025-06-10 22:51:13.714594.jpg,0,0
training_2025-06-10 22:51:14.382708.jpg,1,0
training_2025-06-10 22:51:15.053298.jpg,1,0
training_2025-06-10 22:51:15.727093.jpg,1,1
training_2025-06-10 22:51:16.395288.jpg,1,1
training_2025-06-10 22:51:17.074266.jpg,1,1
training_2025-06-10 22:51:17.817636.jpg,1,1
training_2025-06-10 22:51:18.485283.jpg,1,1
training_2025-06-10 22:51:19.157620.jpg,1,0
training_2025-06-10 22:51:19.829925.jpg,1,1
training_2025-06-10 22:51:20.501447.jpg,1,1
training_2025-06-10 22:51:21.171779.jpg,1,1
training_2025-06-10 22:51:21.848628.jpg,1,1
training_2025-06-10 22:51:22.515814.jpg,1,1
training_2025-06-10 22:51:23.276247.jpg,1,1
training_2025-06-10 22:51:23.956915.jpg,1,1
training_2025-06-10 22:51:24.627863.jpg,1,1
training_2025-06-10 22:51:25.308669.jpg,1,1
training_2025-06-10 22:51:25.981363.jpg,1,0
training_2025-06-10 22:51:26.640882.jpg,1,1
training_2025-06-10 22:51:27.318524.jpg,1,1
training_2025-06-10 22:51:27.990964.jpg,1,0
training_2025-06-10 22:51:28.727551.jpg,1,0
training_2025-06-10 22:51:29.395127.jpg,1,1
training_2025-06-10 22:51:30.067203.jpg,1,1
training_2025-06-10 22:51:30.737306.jpg,1,0
training_2025-06-10 22:51:31.415997.jpg,1,1
training_2025-06-10 22:51:32.089080.jpg,1,1
training_2025-06-10 22:51:32.753410.jpg,1,0
training_2025-06-10 22:51:33.425444.jpg,1,0
training_2025-06-10 22:51:34.198978.jpg,1,1
training_2025-06-10 22:51:34.875521.jpg,1,1
training_2025-06-10 22:51:35.541938.jpg,1,1
training_2025-06-10 22:51:36.220475.jpg,1,0
training_2025-06-10 22:51:36.886318.jpg,1,1
training_2025-06-10 22:51:37.554849.jpg,1,1
training_2025-06-10 22:51:38.230121.jpg,1,0
training_2025-06-10 22:51:38.905674.jpg,1,1
training_2025-06-10 22:51:39.670946.jpg,1,1
training_2025-06-10 22:51:40.347669.jpg,1,0
training_2025-06-10 22:51:41.021925.jpg,1,1
training_2025-06-10 22:51:41.688762.jpg,1,1
training_2025-06-10 22:51:42.368251.jpg,1,0
training_2025-06-10 22:51:43.031487.jpg,1,1
training_2025-06-10 22:51:43.712090.jpg,1,1
training_2025-06-10 22:51:44.382999.jpg,1,0
training_2025-06-10 22:51:45.127521.jpg,1,1
training_2025-06-10 22:51:45.793088.jpg,1,1
training_2025-06-10 22:51:46.457949.jpg,1,0
training_2025-06-10 22:51:47.127691.jpg,1,1
training_2025-06-10 22:51:47.800071.jpg,1,1
training_2025-06-10 22:51:48.470346.jpg,1,1
training_2025-06-10 22:51:49.147375.jpg,1,0
training_2025-06-10 22:51:49.813995.jpg,1,0
training_2025-06-10 22:51:50.579190.jpg,1,1
training_2025-06-10 22:51:51.255557.jpg,1,1
training_2025-06-10 22:51:51.928436.jpg,1,0
training_2025-06-10 22:51:52.599737.jpg,1,0
training_2025-06-10 22:51:53.272891.jpg,1,1
training_2025-06-10 22:51:53.945301.jpg,1,1
training_2025-06-10 22:51:54.611447.jpg,1,1
training_2025-06-10 22:51:55.290113.jpg,1,1
training_2025-06-10 22:51:56.036158.jpg,1,0
training_2025-06-10 22:51:56.700959.jpg,1,1
training_2025-06-10 22:51:57.371701.jpg,1,1
training_2025-06-10 22:51:58.040459.jpg,1,0
training_2025-06-10 22:51:58.712706.jpg,1,1
training_2025-06-10 22:51:59.383258.jpg,1,1
training_2025-06-10 22:52:00.055470.jpg,1,1
training_2025-06-10 22:52:00.726524.jpg,1,1
training_2025-06-10 22:52:01.493197.jpg,1,0
training_2025-06-10 22:52:02.168198.jpg,1,1
training_2025-06-10 22:52:02.837358.jpg,1,1
training_2025-06-10 22:52:03.508500.jpg,1,1
training_2025-06-10 22:52:04.180432.jpg,1,0
training_2025-06-10 22:52:04.853589.jpg,1,1
training_2025-06-10 22:52:05.525420.jpg,1,1
training_2025-06-10 22:52:06.195715.jpg,1,1
training_2025-06-10 22:52:06.950246.jpg,1,0
training_2025-06-10 22:52:07.609289.jpg,1,1
training_2025-06-10 22:52:08.282824.jpg,1,1
training_2025-06-10 22:52:08.956798.jpg,1,0
training_2025-06-10 22:52:09.628517.jpg,1,0
training_2025-06-10 22:52:10.301278.jpg,1,1
training_2025-06-10 22:52:10.970106.jpg,1,1
training_2025-06-10 22:52:11.648811.jpg,1,1
training_2025-06-10 22:52:12.410747.jpg,1,0
training_2025-06-10 22:52:13.093386.jpg,1,0
training_2025-06-10 22:52:13.754558.jpg,1,1
training_2025-06-10 22:52:14.429452.jpg,1,1
training_2025-06-10 22:52:15.098118.jpg,1,1
training_2025-06-10 22:52:15.770480.jpg,1,0
training_2025-06-10 22:52:16.439280.jpg,1,1
training_2025-06-10 22:52:17.113486.jpg,1,1
training_2025-06-10 22:52:17.855497.jpg,1,0
training_2025-06-10 22:52:18.529559.jpg,1,1
training_2025-06-10 22:52:19.203538.jpg,1,1
training_2025-06-10 22:52:19.876043.jpg,1,0
training_2025-06-10 22:52:20.544640.jpg,1,1
training_2025-06-10 22:52:21.216836.jpg,1,1
training_2025-06-10 22:52:21.888749.jpg,1,1
training_2025-06-10 22:52:22.557696.jpg,1,0
training_2025-06-10 22:52:23.324605.jpg,1,0
training_2025-06-10 22:52:24.003922.jpg,1,1
training_2025-06-10 22:52:24.669874.jpg,1,1
training_2025-06-10 22:52:25.343307.jpg,1,0
training_2025-06-10 22:52:26.015389.jpg,1,1
training_2025-06-10 22:52:26.691692.jpg,1,1
training_2025-06-10 22:52:27.359378.jpg,1,1
training_2025-06-10 22:52:28.030574.jpg,1,0
training_2025-06-10 22:52:28.791244.jpg,1,0
training_2025-06-10 22:52:29.475456.jpg,1,1
training_2025-06-10 22:52:30.142289.jpg,1,1
training_2025-06-10 22:52:30.814372.jpg,1,1
training_2025-06-10 22:52:31.486182.jpg,1,1
training_2025-06-10 22:52:32.157644.jpg,1,1
training_2025-06-10 22:52:32.829567.jpg,1,1
training_2025-06-10 22:52:33.502736.jpg,1,1
training_2025-06-10 22:52:34.259101.jpg,1,1
training_2025-06-10 22:52:34.919186.jpg,1,0
training_2025-06-10 22:52:35.585756.jpg,1,0
training_2025-06-10 22:52:36.255992.jpg,1,1
training_2025-06-10 22:52:36.926443.jpg,1,1
training_2025-06-10 22:52:37.598475.jpg,1,1
training_2025-06-10 22:52:38.266770.jpg,1,1
training_2025-06-10 22:52:38.941126.jpg,1,0
training_2025-06-10 22:52:39.705822.jpg,1,1
training_2025-06-10 22:52:40.385790.jpg,1,1
training_2025-06-10 22:52:41.060953.jpg,1,0
training_2025-06-10 22:52:41.732767.jpg,1,1
training_2025-06-10 22:52:42.400244.jpg,1,0
training_2025-06-10 22:52:43.073661.jpg,1,0
training_2025-06-10 22:52:43.744831.jpg,1,1
training_2025-06-10 22:52:44.415616.jpg,1,1
training_2025-06-10 22:52:45.165620.jpg,1,1
training_2025-06-10 22:52:45.833641.jpg,1,0
training_2025-06-10 22:52:46.502562.jpg,1,0
training_2025-06-10 22:52:47.179008.jpg,1,1
training_2025-06-10 22:52:47.844845.jpg,1,1
training_2025-06-10 22:52:48.516081.jpg,1,1
training_2025-06-10 22:52:49.190593.jpg,1,1
training_2025-06-10 22:52:49.859461.jpg,1,1
training_2025-06-10 22:52:50.623922.jpg,1,0
training_2025-06-10 22:52:51.302233.jpg,1,0
training_2025-06-10 22:52:51.972873.jpg,1,1
training_2025-06-10 22:52:52.645829.jpg,1,1
training_2025-06-10 22:52:53.315424.jpg,1,1
training_2025-06-10 22:52:53.986198.jpg,1,0
training_2025-06-10 22:52:54.658272.jpg,1,0
training_2025-06-10 22:52:55.329432.jpg,1,1
training_2025-06-10 22:52:56.077459.jpg,1,1
training_2025-06-10 22:52:56.742130.jpg,1,1
training_2025-06-10 22:52:57.412937.jpg,1,1
training_2025-06-10 22:52:58.087206.jpg,1,0
training_2025-06-10 22:52:58.755105.jpg,1,0
training_2025-06-10 22:52:59.431586.jpg,1,1
training_2025-06-10 22:53:00.101397.jpg,1,1
training_2025-06-10 22:53:00.771698.jpg,1,1
training_2025-06-10 22:53:01.543051.jpg,1,0
training_2025-06-10 22:53:02.218312.jpg,1,1
training_2025-06-10 22:53:02.888713.jpg,1,1
training_2025-06-10 22:53:03.561963.jpg,1,1
training_2025-06-10 22:53:04.235220.jpg,1,0
training_2025-06-10 22:53:04.906914.jpg,1,0
training_2025-06-10 22:53:05.579333.jpg,1,1
training_2025-06-10 22:53:06.249107.jpg,1,1
training_2025-06-10 22:53:07.023272.jpg,1,1
training_2025-06-10 22:53:07.699402.jpg,1,1
training_2025-06-10 22:53:08.373291.jpg,1,1
training_2025-06-10 22:53:09.039791.jpg,1,0
training_2025-06-10 22:53:09.707873.jpg,1,1
training_2025-06-10 22:53:10.382873.jpg,1,1
training_2025-06-10 22:53:11.049935.jpg,1,0
training_2025-06-10 22:53:11.725801.jpg,1,1
training_2025-06-10 22:53:12.482293.jpg,1,1
training_2025-06-10 22:53:13.135769.jpg,1,0
training_2025-06-10 22:53:13.806807.jpg,1,1
training_2025-06-10 22:53:14.490085.jpg,1,1
training_2025-06-10 22:53:15.160433.jpg,1,1
training_2025-06-10 22:53:15.828904.jpg,1,0
training_2025-06-10 22:53:16.494891.jpg,1,1
training_2025-06-10 22:53:17.172113.jpg,1,1
training_2025-06-10 22:53:17.935646.jpg,1,0
training_2025-06-10 22:53:18.613114.jpg,1,0
training_2025-06-10 22:53:19.281517.jpg,1,1
training_2025-06-10 22:53:19.952246.jpg,1,1
training_2025-06-10 22:53:20.626916.jpg,1,0
training_2025-06-10 22:53:21.293127.jpg,1,1
training_2025-06-10 22:53:21.963395.jpg,1,1
training_2025-06-10 22:53:22.646659.jpg,1,1
training_2025-06-10 22:53:23.391331.jpg,1,1
training_2025-06-10 22:53:24.045980.jpg,1,0
training_2025-06-10 22:53:24.717189.jpg,1,0
training_2025-06-10 22:53:25.395425.jpg,1,1
training_2025-06-10 22:53:26.061718.jpg,1,1
training_2025-06-10 22:53:26.732291.jpg,1,1
training_2025-06-10 22:53:27.408446.jpg,1,0
training_2025-06-10 22:53:28.083049.jpg,1,1
training_2025-06-10 22:53:28.852698.jpg,1,1
training_2025-06-10 22:53:29.518843.jpg,1,0
training_2025-06-10 22:53:30.188645.jpg,1,1
training_2025-06-10 22:53:30.871020.jpg,1,0
training_2025-06-10 22:53:31.534913.jpg,1,1
training_2025-06-10 22:53:32.205102.jpg,1,1
training_2025-06-10 22:53:32.882460.jpg,1,0
training_2025-06-10 22:53:33.555838.jpg,1,1
training_2025-06-10 22:53:34.296494.jpg,1,1
training_2025-06-10 22:53:34.957146.jpg,1,1
training_2025-06-10 22:53:35.630264.jpg,1,0
training_2025-06-10 22:53:36.304576.jpg,1,0
training_2025-06-10 22:53:36.975115.jpg,1,1
training_2025-06-10 22:53:37.647509.jpg,1,1
training_2025-06-10 22:53:38.315445.jpg,1,1
training_2025-06-10 22:53:38.987667.jpg,1,0
training_2025-06-10 22:53:39.751349.jpg,1,0
training_2025-06-10 22:53:40.427956.jpg,1,1
training_2025-06-10 22:53:41.104862.jpg,1,1
training_2025-06-10 22:53:41.770468.jpg,1,1
training_2025-06-10 22:53:42.445291.jpg,1,1
training_2025-06-10 22:53:43.117652.jpg,1,0
training_2025-06-10 22:53:43.790259.jpg,1,1
training_2025-06-10 22:53:44.460550.jpg,1,1
training_2025-06-10 22:53:45.210160.jpg,1,1
training_2025-06-10 22:53:45.874296.jpg,1,1
training_2025-06-10 22:53:46.546300.jpg,1,1
training_2025-06-10 22:53:47.218446.jpg,1,0
training_2025-06-10 22:53:47.889595.jpg,1,1
training_2025-06-10 22:53:48.561325.jpg,1,1
training_2025-06-10 22:53:49.236330.jpg,1,1
training_2025-06-10 22:53:49.907152.jpg,1,1
training_2025-06-10 22:53:50.677971.jpg,1,1
training_2025-06-10 22:53:51.352914.jpg,1,0
training_2025-06-10 22:53:52.020213.jpg,1,0
training_2025-06-10 22:53:52.690793.jpg,1,1
training_2025-06-10 22:53:53.362189.jpg,1,1
training_2025-06-10 22:53:54.034228.jpg,1,1
training_2025-06-10 22:53:54.703656.jpg,1,0
training_2025-06-10 22:53:55.377745.jpg,1,0
training_2025-06-10 22:53:56.118566.jpg,1,1
training_2025-06-10 22:53:56.788576.jpg,1,1
training_2025-06-10 22:53:57.461190.jpg,1,1
training_2025-06-10 22:53:58.137363.jpg,1,0
training_2025-06-10 22:53:58.804227.jpg,1,1
training_2025-06-10 22:53:59.488429.jpg,1,1
training_2025-06-10 22:54:00.148425.jpg,1,1
training_2025-06-10 22:54:00.819246.jpg,1,0
training_2025-06-10 22:54:01.588412.jpg,1,0
training_2025-06-10 22:54:02.264765.jpg,1,1
training_2025-06-10 22:54:02.940884.jpg,1,1
training_2025-06-10 22:54:03.606937.jpg,1,1
training_2025-06-10 22:54:04.278597.jpg,1,1
training_2025-06-10 22:54:04.960757.jpg,1,0
training_2025-06-10 22:54:05.620343.jpg,1,0
training_2025-06-10 22:54:06.290875.jpg,1,1
training_2025-06-10 22:54:07.063187.jpg,1,1
training_2025-06-10 22:54:07.739719.jpg,1,1
training_2025-06-10 22:54:08.419304.jpg,1,1
training_2025-06-10 22:54:09.082203.jpg,1,0
training_2025-06-10 22:54:09.753908.jpg,1,0
training_2025-06-10 22:54:10.434468.jpg,1,1
training_2025-06-10 22:54:11.103818.jpg,1,1
training_2025-06-10 22:54:11.768491.jpg,1,1
training_2025-06-10 22:54:12.520169.jpg,1,0
training_2025-06-10 22:54:13.184884.jpg,1,0
training_2025-06-10 22:54:13.851404.jpg,1,0
training_2025-06-10 22:54:14.527464.jpg,1,1
training_2025-06-10 22:54:15.200535.jpg,1,1
training_2025-06-10 22:54:15.869792.jpg,1,1
training_2025-06-10 22:54:16.541572.jpg,1,0
training_2025-06-10 22:54:17.221388.jpg,1,0
training_2025-06-10 22:54:17.985306.jpg,1,1
training_2025-06-10 22:54:18.652931.jpg,1,1
training_2025-06-10 22:54:19.337528.jpg,1,1
training_2025-06-10 22:54:20.001478.jpg,1,1
training_2025-06-10 22:54:20.670706.jpg,1,1
training_2025-06-10 22:54:21.342468.jpg,1,1
training_2025-06-10 22:54:22.014308.jpg,1,1
training_2025-06-10 22:54:22.692371.jpg,1,0
training_2025-06-10 22:54:23.433614.jpg,1,1
training_2025-06-10 22:54:24.106896.jpg,1,1
training_2025-06-10 22:54:24.781811.jpg,1,1
training_2025-06-10 22:54:25.453461.jpg,1,1
training_2025-06-10 22:54:26.117120.jpg,1,0
training_2025-06-10 22:54:26.792661.jpg,1,0
training_2025-06-10 22:54:27.463925.jpg,1,1
training_2025-06-10 22:54:28.124283.jpg,1,1
training_2025-06-10 22:54:28.897205.jpg,1,1
training_2025-06-10 22:54:29.572365.jpg,1,0
training_2025-06-10 22:54:30.245127.jpg,1,0
training_2025-06-10 22:54:30.914841.jpg,1,1
training_2025-06-10 22:54:31.590489.jpg,1,1
training_2025-06-10 22:54:32.270270.jpg,1,0
training_2025-06-10 22:54:32.928184.jpg,1,1
training_2025-06-10 22:54:33.607343.jpg,1,1
training_2025-06-10 22:54:34.373079.jpg,1,1
training_2025-06-10 22:54:35.056891.jpg,1,0
training_2025-06-10 22:54:35.727203.jpg,1,0
training_2025-06-10 22:54:36.391891.jpg,1,0
training_2025-06-10 22:54:37.070281.jpg,1,1
training_2025-06-10 22:54:37.736184.jpg,1,1
training_2025-06-10 22:54:38.406214.jpg,1,1
training_2025-06-10 22:54:39.077531.jpg,1,1
training_2025-06-10 22:54:39.872686.jpg,1,0
training_2025-06-10 22:54:40.524203.jpg,1,1
training_2025-06-10 22:54:41.209350.jpg,1,1
training_2025-06-10 22:54:41.873320.jpg,1,1
training_2025-06-10 22:54:42.541045.jpg,1,0
training_2025-06-10 22:54:43.219693.jpg,1,0
training_2025-06-10 22:54:43.888226.jpg,1,1
training_2025-06-10 22:54:44.555185.jpg,1,1
training_2025-06-10 22:54:45.325846.jpg,1,1
training_2025-06-10 22:54:45.999823.jpg,1,1
training_2025-06-10 22:54:46.672121.jpg,1,0
training_2025-06-10 22:54:47.343825.jpg,1,0
training_2025-06-10 22:54:48.015599.jpg,1,1
training_2025-06-10 22:54:48.683759.jpg,1,1
training_2025-06-10 22:54:49.358018.jpg,1,1
training_2025-06-10 22:54:50.027558.jpg,1,0
training_2025-06-10 22:54:50.802440.jpg,1,0
training_2025-06-10 22:54:51.475220.jpg,0,0
training_2025-06-10 22:54:52.147020.jpg,0,0
training_2025-06-10 22:54:52.813160.jpg,0,0
training_2025-06-10 22:54:53.490283.jpg,0,0
training_2025-06-10 22:54:54.161496.jpg,0,0
training_2025-06-10 22:54:54.832180.jpg,0,0
training_2025-06-10 22:56:20.874253.jpg,0,0
training_2025-06-10 22:56:21.560956.jpg,1,0
training_2025-06-10 22:56:22.228935.jpg,1,0
training_2025-06-10 22:56:22.905523.jpg,1,1
training_2025-06-10 22:56:23.575484.jpg,1,0
training_2025-06-10 22:56:24.304638.jpg,1,1
training_2025-06-10 22:56:24.954243.jpg,1,0
training_2025-06-10 22:56:25.628421.jpg,1,1
training_2025-06-10 22:56:26.302359.jpg,1,1
training_2025-06-10 22:56:26.973529.jpg,1,1
training_2025-06-10 22:56:27.645272.jpg,1,1
training_2025-06-10 22:56:28.322662.jpg,1,1
training_2025-06-10 22:56:28.999673.jpg,0,0
training_2025-06-10 22:56:29.751872.jpg,0,0
training_2025-06-10 22:56:30.401690.jpg,0,0
training_2025-06-10 22:56:31.070329.jpg,0,0
training_2025-06-10 22:56:31.743826.jpg,0,0
training_2025-06-10 22:57:25.799670.jpg,0,0
training_2025-06-10 22:57:26.482654.jpg,1,0
training_2025-06-10 22:57:27.156104.jpg,1,0
training_2025-06-10 22:57:27.833706.jpg,1,0
training_2025-06-10 22:57:28.508652.jpg,1,0
training_2025-06-10 22:57:29.177125.jpg,1,0
training_2025-06-10 22:57:29.848472.jpg,0,0
training_2025-06-10 22:57:30.524468.jpg,0,0
training_2025-06-10 22:57:31.294730.jpg,1,0
training_2025-06-10 22:57:31.969821.jpg,1,0
training_2025-06-10 22:57:32.642462.jpg,1,-1
training_2025-06-10 22:57:33.312427.jpg,1,-1
training_2025-06-10 22:57:33.988003.jpg,1,0
training_2025-06-10 22:57:34.668505.jpg,1,0
training_2025-06-10 22:57:35.333283.jpg,1,-1
training_2025-06-10 22:57:36.004720.jpg,1,0
training_2025-06-10 22:57:36.779355.jpg,1,-1
training_2025-06-10 22:57:37.457395.jpg,1,-1
training_2025-06-10 22:57:38.125442.jpg,1,0
training_2025-06-10 22:57:38.802663.jpg,1,-1
training_2025-06-10 22:57:39.464916.jpg,1,0
training_2025-06-10 22:57:40.138504.jpg,1,-1
training_2025-06-10 22:57:40.809540.jpg,1,0
training_2025-06-10 22:57:41.482730.jpg,1,0
training_2025-06-10 22:57:42.258313.jpg,1,-1
training_2025-06-10 22:57:42.936533.jpg,1,0
training_2025-06-10 22:57:43.604461.jpg,1,-1
training_2025-06-10 22:57:44.278374.jpg,1,0
training_2025-06-10 22:57:44.956075.jpg,1,0
training_2025-06-10 22:57:45.630216.jpg,1,0
training_2025-06-10 22:57:46.296828.jpg,1,0
training_2025-06-10 22:57:46.964303.jpg,1,-1
training_2025-06-10 22:57:47.714860.jpg,1,-1
training_2025-06-10 22:57:48.381692.jpg,1,0
training_2025-06-10 22:57:49.052535.jpg,1,0
training_2025-06-10 22:57:49.726337.jpg,1,0
training_2025-06-10 22:57:50.401147.jpg,1,-1
training_2025-06-10 22:57:51.077165.jpg,1,0
training_2025-06-10 22:57:51.746566.jpg,1,-1
training_2025-06-10 22:57:52.410639.jpg,1,-1
training_2025-06-10 22:57:53.192365.jpg,1,-1
training_2025-06-10 22:57:53.863483.jpg,1,-1
training_2025-06-10 22:57:54.531245.jpg,1,0
training_2025-06-10 22:57:55.202163.jpg,1,0
training_2025-06-10 22:57:55.874265.jpg,1,-1
training_2025-06-10 22:57:56.550566.jpg,1,0
training_2025-06-10 22:57:57.229674.jpg,1,0
training_2025-06-10 22:57:57.899767.jpg,1,-1
training_2025-06-10 22:57:58.673444.jpg,1,0
training_2025-06-10 22:57:59.345020.jpg,1,0
training_2025-06-10 22:58:00.023812.jpg,1,0
training_2025-06-10 22:58:00.695844.jpg,1,0
training_2025-06-10 22:58:01.360761.jpg,1,0
training_2025-06-10 22:58:02.029765.jpg,1,-1
training_2025-06-10 22:58:02.697160.jpg,1,-1
training_2025-06-10 22:58:03.376739.jpg,1,-1
training_2025-06-10 22:58:04.123047.jpg,1,0
training_2025-06-10 22:58:04.789537.jpg,1,0
training_2025-06-10 22:58:05.461003.jpg,1,0
training_2025-06-10 22:58:06.133712.jpg,1,-1
training_2025-06-10 22:58:06.806759.jpg,1,-1
training_2025-06-10 22:58:07.475706.jpg,1,-1
training_2025-06-10 22:58:08.150506.jpg,1,0
training_2025-06-10 22:58:08.823045.jpg,1,0
training_2025-06-10 22:58:09.598915.jpg,1,-1
training_2025-06-10 22:58:10.266294.jpg,1,-1
training_2025-06-10 22:58:10.941507.jpg,1,0
training_2025-06-10 22:58:11.615260.jpg,1,0
training_2025-06-10 22:58:12.284198.jpg,1,0
training_2025-06-10 22:58:12.957606.jpg,1,0
training_2025-06-10 22:58:13.626579.jpg,1,-1
training_2025-06-10 22:58:14.305206.jpg,1,0
training_2025-06-10 22:58:15.078534.jpg,1,0
training_2025-06-10 22:58:15.749377.jpg,1,-1
training_2025-06-10 22:58:16.419138.jpg,1,-1
training_2025-06-10 22:58:17.094189.jpg,1,0
training_2025-06-10 22:58:17.762771.jpg,1,0
training_2025-06-10 22:58:18.432569.jpg,1,-1
training_2025-06-10 22:58:19.106682.jpg,1,-1
training_2025-06-10 22:58:19.776738.jpg,1,0
training_2025-06-10 22:58:20.538875.jpg,1,-1
training_2025-06-10 22:58:21.200866.jpg,1,-1
training_2025-06-10 22:58:21.875472.jpg,1,0
training_2025-06-10 22:58:22.536284.jpg,1,0
training_2025-06-10 22:58:23.212181.jpg,1,-1
training_2025-06-10 22:58:23.887447.jpg,1,-1
training_2025-06-10 22:58:24.561823.jpg,1,0
training_2025-06-10 22:58:25.237604.jpg,1,0
training_2025-06-10 22:58:26.009886.jpg,1,0
training_2025-06-10 22:58:26.684418.jpg,1,0
training_2025-06-10 22:58:27.349313.jpg,1,0
training_2025-06-10 22:58:28.021410.jpg,1,-1
training_2025-06-10 22:58:28.692286.jpg,1,0
training_2025-06-10 22:58:29.372199.jpg,1,0
training_2025-06-10 22:58:30.038700.jpg,1,0
training_2025-06-10 22:58:30.721347.jpg,1,-1
training_2025-06-10 22:58:31.482767.jpg,1,-1
training_2025-06-10 22:58:32.167410.jpg,1,0
training_2025-06-10 22:58:32.828407.jpg,1,0
training_2025-06-10 22:58:33.511884.jpg,1,0
training_2025-06-10 22:58:34.180087.jpg,1,-1
training_2025-06-10 22:58:34.856324.jpg,1,-1
training_2025-06-10 22:58:35.517413.jpg,1,-1
training_2025-06-10 22:58:36.203140.jpg,1,0
training_2025-06-10 22:58:36.955479.jpg,1,0
training_2025-06-10 22:58:37.613036.jpg,1,-1
training_2025-06-10 22:58:38.292819.jpg,1,0
training_2025-06-10 22:58:38.963762.jpg,1,-1
training_2025-06-10 22:58:39.635812.jpg,1,0
training_2025-06-10 22:58:40.307653.jpg,1,-1
training_2025-06-10 22:58:40.980484.jpg,1,0
training_2025-06-10 22:58:41.657012.jpg,1,0
training_2025-06-10 22:58:42.448448.jpg,1,0
training_2025-06-10 22:58:43.123301.jpg,1,0
training_2025-06-10 22:58:43.804110.jpg,1,-1
training_2025-06-10 22:58:44.469046.jpg,1,-1
training_2025-06-10 22:58:45.147383.jpg,1,-1
training_2025-06-10 22:58:45.818657.jpg,1,0
training_2025-06-10 22:58:46.496163.jpg,1,0
training_2025-06-10 22:58:47.153380.jpg,1,0
training_2025-06-10 22:58:47.930610.jpg,1,0
training_2025-06-10 22:58:48.602293.jpg,1,-1
training_2025-06-10 22:58:49.274067.jpg,1,-1
training_2025-06-10 22:58:49.953624.jpg,1,-1
training_2025-06-10 22:58:50.619018.jpg,1,-1
training_2025-06-10 22:58:51.298015.jpg,1,-1
training_2025-06-10 22:58:51.967003.jpg,1,0
training_2025-06-10 22:58:52.641541.jpg,1,0
training_2025-06-10 22:58:53.406705.jpg,1,0
training_2025-06-10 22:58:54.087140.jpg,1,0
training_2025-06-10 22:58:54.759964.jpg,1,-1
training_2025-06-10 22:58:55.428300.jpg,1,-1
training_2025-06-10 22:58:56.095917.jpg,1,0
training_2025-06-10 22:58:56.771957.jpg,1,0
training_2025-06-10 22:58:57.443281.jpg,1,0
training_2025-06-10 22:58:58.120072.jpg,1,0
training_2025-06-10 22:58:58.867796.jpg,1,0
training_2025-06-10 22:58:59.524719.jpg,1,-1
training_2025-06-10 22:59:00.202398.jpg,1,0
training_2025-06-10 22:59:00.872315.jpg,1,0
training_2025-06-10 22:59:01.545829.jpg,1,-1
training_2025-06-10 22:59:02.218104.jpg,1,-1
training_2025-06-10 22:59:02.886851.jpg,1,-1
training_2025-06-10 22:59:03.567353.jpg,1,0
training_2025-06-10 22:59:04.332403.jpg,1,-1
training_2025-06-10 22:59:05.004286.jpg,1,0
training_2025-06-10 22:59:05.676058.jpg,1,-1
training_2025-06-10 22:59:06.351628.jpg,1,0
training_2025-06-10 22:59:07.026228.jpg,1,0
training_2025-06-10 22:59:07.694056.jpg,1,0
training_2025-06-10 22:59:08.373482.jpg,1,-1
training_2025-06-10 22:59:09.036466.jpg,1,0
training_2025-06-10 22:59:09.806506.jpg,1,-1
training_2025-06-10 22:59:10.482797.jpg,1,0
training_2025-06-10 22:59:11.155326.jpg,1,0
training_2025-06-10 22:59:11.835762.jpg,1,0
training_2025-06-10 22:59:12.507318.jpg,1,0
training_2025-06-10 22:59:13.177460.jpg,1,0
training_2025-06-10 22:59:13.849115.jpg,1,-1
training_2025-06-10 22:59:14.515854.jpg,1,0
training_2025-06-10 22:59:15.271220.jpg,1,-1
training_2025-06-10 22:59:15.939741.jpg,1,-1
training_2025-06-10 22:59:16.614847.jpg,1,-1
training_2025-06-10 22:59:17.287649.jpg,1,0
training_2025-06-10 22:59:17.952352.jpg,1,0
training_2025-06-10 22:59:18.628374.jpg,1,-1
training_2025-06-10 22:59:19.292447.jpg,1,-1
training_2025-06-10 22:59:19.970741.jpg,1,-1
training_2025-06-10 22:59:20.745116.jpg,1,0
training_2025-06-10 22:59:21.417628.jpg,1,0
training_2025-06-10 22:59:22.090200.jpg,1,0
training_2025-06-10 22:59:22.761633.jpg,1,-1
training_2025-06-10 22:59:23.440224.jpg,1,-1
training_2025-06-10 22:59:24.119388.jpg,1,0
training_2025-06-10 22:59:24.787117.jpg,1,0
training_2025-06-10 22:59:25.459219.jpg,1,0
training_2025-06-10 22:59:26.238910.jpg,1,0
training_2025-06-10 22:59:26.912826.jpg,1,0
training_2025-06-10 22:59:27.586289.jpg,1,0
training_2025-06-10 22:59:28.250440.jpg,1,-1
training_2025-06-10 22:59:28.916729.jpg,1,-1
training_2025-06-10 22:59:29.590796.jpg,1,0
training_2025-06-10 22:59:30.268275.jpg,1,0
training_2025-06-10 22:59:30.935335.jpg,1,-1
training_2025-06-10 22:59:31.683815.jpg,1,-1
training_2025-06-10 22:59:32.364870.jpg,1,-1
training_2025-06-10 22:59:33.033319.jpg,1,-1
training_2025-06-10 22:59:33.701664.jpg,1,0
training_2025-06-10 22:59:34.378022.jpg,1,0
training_2025-06-10 22:59:35.041726.jpg,1,0
training_2025-06-10 22:59:35.721125.jpg,1,0
training_2025-06-10 22:59:36.391735.jpg,1,0
training_2025-06-10 22:59:37.156424.jpg,1,-1
training_2025-06-10 22:59:37.843915.jpg,1,-1
training_2025-06-10 22:59:38.506900.jpg,1,0
training_2025-06-10 22:59:39.180321.jpg,1,-1
training_2025-06-10 22:59:39.849049.jpg,1,0
training_2025-06-10 22:59:40.525403.jpg,1,-1
training_2025-06-10 22:59:41.197090.jpg,1,0
training_2025-06-10 22:59:41.872813.jpg,1,0
training_2025-06-10 22:59:42.633908.jpg,1,0
training_2025-06-10 22:59:43.317921.jpg,1,0
training_2025-06-10 22:59:43.989939.jpg,1,0
training_2025-06-10 22:59:44.655453.jpg,1,-1
training_2025-06-10 22:59:45.327419.jpg,1,-1
training_2025-06-10 22:59:46.003964.jpg,1,-1
training_2025-06-10 22:59:46.681022.jpg,1,-1
training_2025-06-10 22:59:47.349111.jpg,1,0
training_2025-06-10 22:59:48.092904.jpg,1,0
training_2025-06-10 22:59:48.756950.jpg,1,0
training_2025-06-10 22:59:49.437890.jpg,1,0
training_2025-06-10 22:59:50.103856.jpg,1,-1
training_2025-06-10 22:59:50.780673.jpg,1,-1
training_2025-06-10 22:59:51.448548.jpg,1,-1
training_2025-06-10 22:59:52.121452.jpg,1,-1
training_2025-06-10 22:59:52.797071.jpg,1,0
training_2025-06-10 22:59:53.575870.jpg,1,0
training_2025-06-10 22:59:54.245636.jpg,1,0
training_2025-06-10 22:59:54.919344.jpg,1,0
training_2025-06-10 22:59:55.595954.jpg,1,0
training_2025-06-10 22:59:56.264306.jpg,1,-1
training_2025-06-10 22:59:56.934956.jpg,1,-1
training_2025-06-10 22:59:57.603411.jpg,1,-1
training_2025-06-10 22:59:58.277687.jpg,1,0
training_2025-06-10 22:59:59.044058.jpg,1,0
training_2025-06-10 22:59:59.730762.jpg,1,-1
training_2025-06-10 23:00:00.402045.jpg,1,0
training_2025-06-10 23:00:01.375760.jpg,1,0
training_2025-06-10 23:00:02.387665.jpg,1,-1
training_2025-06-10 23:00:03.388145.jpg,1,0
training_2025-06-10 23:00:04.168234.jpg,1,0
training_2025-06-10 23:00:04.851835.jpg,1,-1
training_2025-06-10 23:00:05.520084.jpg,1,-1
training_2025-06-10 23:00:06.200356.jpg,1,0
training_2025-06-10 23:00:06.860812.jpg,1,0
training_2025-06-10 23:00:07.542140.jpg,1,-1
training_2025-06-10 23:00:08.214323.jpg,1,-1
training_2025-06-10 23:00:08.884357.jpg,1,0
training_2025-06-10 23:00:09.661687.jpg,1,0
training_2025-06-10 23:00:10.335999.jpg,1,0
training_2025-06-10 23:00:10.997894.jpg,1,-1
training_2025-06-10 23:00:11.678614.jpg,1,0
training_2025-06-10 23:00:12.339327.jpg,1,0
training_2025-06-10 23:00:13.260463.jpg,1,0
training_2025-06-10 23:00:14.254568.jpg,1,-1
training_2025-06-10 23:00:15.277141.jpg,1,-1
training_2025-06-10 23:00:16.084960.jpg,1,0
training_2025-06-10 23:00:16.747826.jpg,1,0
training_2025-06-10 23:00:17.428461.jpg,1,0
training_2025-06-10 23:00:18.092203.jpg,1,-1
training_2025-06-10 23:00:18.770534.jpg,1,-1
training_2025-06-10 23:00:19.448354.jpg,1,-1
training_2025-06-10 23:00:20.166645.jpg,1,-1
training_2025-06-10 23:00:20.814762.jpg,1,-1
training_2025-06-10 23:00:21.491115.jpg,1,0
training_2025-06-10 23:00:22.159028.jpg,1,0
training_2025-06-10 23:00:22.830714.jpg,1,0
training_2025-06-10 23:00:23.505585.jpg,1,0
training_2025-06-10 23:00:24.185486.jpg,1,0
training_2025-06-10 23:00:24.849217.jpg,1,-1
training_2025-06-10 23:00:25.605175.jpg,1,-1
training_2025-06-10 23:00:26.269427.jpg,1,-1
training_2025-06-10 23:00:26.944062.jpg,1,0
training_2025-06-10 23:00:27.617776.jpg,1,0
training_2025-06-10 23:00:28.289131.jpg,1,0
training_2025-06-10 23:00:28.956136.jpg,1,0
training_2025-06-10 23:00:29.625595.jpg,1,-1
training_2025-06-10 23:00:30.299715.jpg,1,-1
training_2025-06-10 23:00:31.071769.jpg,1,-1
training_2025-06-10 23:00:31.752315.jpg,1,0
training_2025-06-10 23:00:32.424733.jpg,1,0
training_2025-06-10 23:00:33.090764.jpg,1,0
training_2025-06-10 23:00:33.761716.jpg,1,0
training_2025-06-10 23:00:34.434314.jpg,1,-1
training_2025-06-10 23:00:35.114057.jpg,1,-1
training_2025-06-10 23:00:35.785967.jpg,1,0
training_2025-06-10 23:00:36.551065.jpg,1,0
training_2025-06-10 23:00:37.233955.jpg,1,0
training_2025-06-10 23:00:37.901714.jpg,1,-1
training_2025-06-10 23:00:38.569532.jpg,1,-1
training_2025-06-10 23:00:39.246632.jpg,1,-1
training_2025-06-10 23:00:39.923436.jpg,1,-1
training_2025-06-10 23:00:40.587032.jpg,1,0
training_2025-06-10 23:00:41.266107.jpg,1,0
training_2025-06-10 23:00:42.016760.jpg,1,0
training_2025-06-10 23:00:42.672759.jpg,1,0
training_2025-06-10 23:00:43.344599.jpg,1,0
training_2025-06-10 23:00:44.020387.jpg,1,-1
training_2025-06-10 23:00:44.687608.jpg,1,-1
training_2025-06-10 23:00:45.363884.jpg,1,-1
training_2025-06-10 23:00:46.032181.jpg,1,0
training_2025-06-10 23:00:46.703025.jpg,1,0
training_2025-06-10 23:00:47.470893.jpg,1,0
training_2025-06-10 23:00:48.151763.jpg,1,-1
training_2025-06-10 23:00:48.823500.jpg,1,-1
training_2025-06-10 23:00:49.491302.jpg,1,-1
training_2025-06-10 23:00:50.167701.jpg,1,-1
training_2025-06-10 23:00:51.066026.jpg,1,0
training_2025-06-10 23:00:52.047400.jpg,1,0
training_2025-06-10 23:00:53.064923.jpg,1,-1
training_2025-06-10 23:00:53.845267.jpg,1,0
training_2025-06-10 23:00:54.522708.jpg,1,-1
training_2025-06-10 23:00:55.192882.jpg,1,-1
training_2025-06-10 23:00:55.860951.jpg,1,-1
training_2025-06-10 23:00:56.535213.jpg,1,0
training_2025-06-10 23:00:57.205686.jpg,1,0
training_2025-06-10 23:00:57.933280.jpg,1,0
training_2025-06-10 23:00:58.586999.jpg,1,0
training_2025-06-10 23:00:59.258371.jpg,1,0
training_2025-06-10 23:01:00.279525.jpg,1,0
training_2025-06-10 23:01:01.289337.jpg,1,-1
training_2025-06-10 23:01:02.277265.jpg,1,-1
training_2025-06-10 23:01:03.058412.jpg,1,0
training_2025-06-10 23:01:03.748696.jpg,1,0
training_2025-06-10 23:01:04.739983.jpg,1,-1
training_2025-06-10 23:01:05.784581.jpg,1,-1
training_2025-06-10 23:01:06.819069.jpg,1,0
training_2025-06-10 23:01:07.560417.jpg,1,0
training_2025-06-10 23:01:08.319763.jpg,1,0
training_2025-06-10 23:01:08.991550.jpg,1,-1
training_2025-06-10 23:01:09.661792.jpg,1,-1
training_2025-06-10 23:01:10.341786.jpg,1,-1
training_2025-06-10 23:01:10.999798.jpg,1,0
training_2025-06-10 23:01:11.671094.jpg,1,0
training_2025-06-10 23:01:12.638298.jpg,1,0
training_2025-06-10 23:01:13.658332.jpg,1,0
training_2025-06-10 23:01:14.674782.jpg,1,-1
training_2025-06-10 23:01:15.413708.jpg,1,-1
training_2025-06-10 23:01:16.084600.jpg,1,-1
training_2025-06-10 23:01:16.761228.jpg,1,0
training_2025-06-10 23:01:17.438190.jpg,1,0
training_2025-06-10 23:01:18.229931.jpg,1,0
training_2025-06-10 23:01:19.225978.jpg,1,0
training_2025-06-10 23:01:20.245643.jpg,1,-1
training_2025-06-10 23:01:21.109850.jpg,1,-1
training_2025-06-10 23:01:21.775586.jpg,1,-1
training_2025-06-10 23:01:22.445482.jpg,1,-1
training_2025-06-10 23:01:23.116672.jpg,1,-1
training_2025-06-10 23:01:23.797486.jpg,1,0
training_2025-06-10 23:01:24.687850.jpg,1,0
training_2025-06-10 23:01:25.734937.jpg,1,0
training_2025-06-10 23:01:26.776505.jpg,1,0
training_2025-06-10 23:01:27.761800.jpg,1,0
training_2025-06-10 23:01:28.436608.jpg,0,0
training_2025-06-10 23:01:29.107543.jpg,0,0
training_2025-06-10 23:01:29.855097.jpg,0,0
training_2025-06-10 23:02:58.360525.jpg,0,0
training_2025-06-10 23:02:59.016370.jpg,0,0
training_2025-06-10 23:02:59.688437.jpg,1,0
training_2025-06-10 23:03:00.363383.jpg,1,0
training_2025-06-10 23:03:01.035788.jpg,1,0
training_2025-06-10 23:03:01.802229.jpg,1,1
training_2025-06-10 23:03:02.480000.jpg,1,0
training_2025-06-10 23:03:03.153571.jpg,1,1
training_2025-06-10 23:03:03.827617.jpg,1,1
training_2025-06-10 23:03:04.497623.jpg,1,1
training_2025-06-10 23:03:05.173420.jpg,1,1
training_2025-06-10 23:03:05.845342.jpg,1,1
training_2025-06-10 23:03:06.515476.jpg,1,1
training_2025-06-10 23:03:07.278861.jpg,1,0
training_2025-06-10 23:03:07.925094.jpg,1,1
training_2025-06-10 23:03:08.597102.jpg,1,1
training_2025-06-10 23:03:09.269473.jpg,1,1
training_2025-06-10 23:03:09.939838.jpg,1,1
training_2025-06-10 23:03:10.613974.jpg,1,1
training_2025-06-10 23:03:11.285662.jpg,1,1
training_2025-06-10 23:03:11.956558.jpg,1,0
training_2025-06-10 23:03:12.729344.jpg,1,1
training_2025-06-10 23:03:13.400166.jpg,1,1
training_2025-06-10 23:03:14.075244.jpg,1,0
training_2025-06-10 23:03:14.746328.jpg,1,1
training_2025-06-10 23:03:15.413187.jpg,1,1
training_2025-06-10 23:03:16.087345.jpg,1,0
training_2025-06-10 23:03:16.758531.jpg,1,1
training_2025-06-10 23:03:17.430502.jpg,1,1
training_2025-06-10 23:03:18.202102.jpg,1,0
training_2025-06-10 23:03:18.878173.jpg,1,1
training_2025-06-10 23:03:19.551299.jpg,1,0
training_2025-06-10 23:03:20.223561.jpg,1,0
training_2025-06-10 23:03:20.891498.jpg,1,1
training_2025-06-10 23:03:21.564226.jpg,1,1
training_2025-06-10 23:03:22.234165.jpg,1,0
training_2025-06-10 23:03:22.904060.jpg,1,1
training_2025-06-10 23:03:23.659003.jpg,1,1
training_2025-06-10 23:03:24.325473.jpg,1,0
training_2025-06-10 23:03:24.997137.jpg,1,1
training_2025-06-10 23:03:25.668341.jpg,1,0
training_2025-06-10 23:03:26.336815.jpg,1,1
training_2025-06-10 23:03:27.008908.jpg,1,1
training_2025-06-10 23:03:27.679749.jpg,1,1
training_2025-06-10 23:03:28.354112.jpg,1,0
training_2025-06-10 23:03:29.120723.jpg,1,0
training_2025-06-10 23:03:29.794657.jpg,1,1
training_2025-06-10 23:03:30.468433.jpg,1,1
training_2025-06-10 23:03:31.138079.jpg,1,1
training_2025-06-10 23:03:31.810407.jpg,1,0
training_2025-06-10 23:03:32.480898.jpg,1,1
training_2025-06-10 23:03:33.155303.jpg,1,1
training_2025-06-10 23:03:33.825183.jpg,1,0
training_2025-06-10 23:03:34.564704.jpg,1,1
training_2025-06-10 23:03:35.236279.jpg,1,1
training_2025-06-10 23:03:35.906559.jpg,1,0
training_2025-06-10 23:03:36.576017.jpg,1,0
training_2025-06-10 23:03:37.248595.jpg,1,1
training_2025-06-10 23:03:37.920305.jpg,1,1
training_2025-06-10 23:03:38.591342.jpg,1,0
training_2025-06-10 23:03:39.262055.jpg,1,1
training_2025-06-10 23:03:40.032656.jpg,1,1
training_2025-06-10 23:03:40.708565.jpg,1,0
training_2025-06-10 23:03:41.381574.jpg,1,1
training_2025-06-10 23:03:42.052789.jpg,1,1
training_2025-06-10 23:03:42.725082.jpg,1,0
training_2025-06-10 23:03:43.394073.jpg,1,1
training_2025-06-10 23:03:44.067657.jpg,1,1
training_2025-06-10 23:03:44.738107.jpg,1,0
training_2025-06-10 23:03:45.513597.jpg,1,1
training_2025-06-10 23:03:46.184785.jpg,1,1
training_2025-06-10 23:03:46.860686.jpg,1,1
training_2025-06-10 23:03:47.531833.jpg,1,1
training_2025-06-10 23:03:48.199855.jpg,1,1
training_2025-06-10 23:03:48.873973.jpg,1,0
training_2025-06-10 23:03:49.543209.jpg,1,0
training_2025-06-10 23:03:50.214816.jpg,1,0
training_2025-06-10 23:03:50.967825.jpg,1,1
training_2025-06-10 23:03:51.628725.jpg,1,1
training_2025-06-10 23:03:52.299573.jpg,1,1
training_2025-06-10 23:03:52.971985.jpg,1,1
training_2025-06-10 23:03:53.641357.jpg,1,1
training_2025-06-10 23:03:54.312640.jpg,1,1
training_2025-06-10 23:03:54.987721.jpg,1,1
training_2025-06-10 23:03:55.655594.jpg,1,1
training_2025-06-10 23:03:56.418465.jpg,1,0
raining_2025-06-10 23:04:26.383679.jpg,1,0
training_2025-06-10 23:04:27.054674.jpg,1,0
training_2025-06-10 23:04:27.725154.jpg,1,1
training_2025-06-10 23:04:28.397123.jpg,1,1
training_2025-06-10 23:04:29.151546.jpg,1,1
training_2025-06-10 23:04:29.798833.jpg,1,1
training_2025-06-10 23:04:30.470966.jpg,1,1
training_2025-06-10 23:04:31.141750.jpg,1,1
training_2025-06-10 23:04:31.813698.jpg,1,0
training_2025-06-10 23:04:32.485761.jpg,1,1
training_2025-06-10 23:04:33.158338.jpg,1,0
training_2025-06-10 23:04:33.829315.jpg,1,1
training_2025-06-10 23:04:34.589064.jpg,1,1
training_2025-06-10 23:04:35.241747.jpg,1,1
training_2025-06-10 23:04:35.914349.jpg,1,1
training_2025-06-10 23:04:36.581816.jpg,1,1
training_2025-06-10 23:04:37.255503.jpg,1,0
training_2025-06-10 23:04:37.923817.jpg,1,1
training_2025-06-10 23:04:38.599447.jpg,1,0
training_2025-06-10 23:04:39.268304.jpg,1,1
training_2025-06-10 23:04:40.007445.jpg,1,1
training_2025-06-10 23:04:40.677747.jpg,1,0
training_2025-06-10 23:04:41.351371.jpg,1,0
training_2025-06-10 23:04:42.019787.jpg,1,1
training_2025-06-10 23:04:42.692311.jpg,1,1
training_2025-06-10 23:04:43.361281.jpg,1,1
training_2025-06-10 23:04:44.034079.jpg,1,1
training_2025-06-10 23:04:44.705849.jpg,1,0
training_2025-06-10 23:04:45.466234.jpg,1,0
training_2025-06-10 23:04:46.117135.jpg,1,1
training_2025-06-10 23:04:46.789709.jpg,1,1
training_2025-06-10 23:04:47.459603.jpg,1,1
training_2025-06-10 23:04:48.130321.jpg,1,1
training_2025-06-10 23:04:48.800642.jpg,1,0
training_2025-06-10 23:04:49.474850.jpg,1,1
training_2025-06-10 23:04:50.144195.jpg,1,1
training_2025-06-10 23:04:50.900182.jpg,1,0
training_2025-06-10 23:04:51.554059.jpg,1,1
training_2025-06-10 23:04:52.227257.jpg,1,1
training_2025-06-10 23:04:52.900435.jpg,1,1
training_2025-06-10 23:04:53.569587.jpg,1,0
training_2025-06-10 23:04:54.243177.jpg,1,0
training_2025-06-10 23:04:54.913499.jpg,1,0
training_2025-06-10 23:04:55.581805.jpg,1,1
training_2025-06-10 23:04:56.401899.jpg,1,1
training_2025-06-10 23:04:57.394519.jpg,1,0
training_2025-06-10 23:04:58.406970.jpg,1,1
training_2025-06-10 23:04:59.392235.jpg,1,1
training_2025-06-10 23:05:00.122553.jpg,1,1
training_2025-06-10 23:05:00.795086.jpg,1,1
training_2025-06-10 23:05:01.505058.jpg,1,1
training_2025-06-10 23:05:02.174413.jpg,1,1
training_2025-06-10 23:05:03.117837.jpg,1,0
training_2025-06-10 23:05:04.124126.jpg,1,1
training_2025-06-10 23:05:05.126498.jpg,1,1
training_2025-06-10 23:05:06.121225.jpg,1,1
training_2025-06-10 23:05:07.130036.jpg,1,1
training_2025-06-10 23:05:08.134765.jpg,1,0
training_2025-06-10 23:05:08.989640.jpg,1,1
training_2025-06-10 23:05:09.958698.jpg,1,1
training_2025-06-10 23:05:10.966351.jpg,1,0
training_2025-06-10 23:05:11.962598.jpg,1,0
training_2025-06-10 23:05:12.690912.jpg,1,1
training_2025-06-10 23:05:13.360673.jpg,1,1
training_2025-06-10 23:05:14.033114.jpg,1,1
training_2025-06-10 23:05:14.705549.jpg,1,1
training_2025-06-10 23:05:15.683648.jpg,1,1
training_2025-06-10 23:05:16.675513.jpg,1,1
training_2025-06-10 23:05:17.678110.jpg,1,0
training_2025-06-10 23:05:18.677210.jpg,1,1
training_2025-06-10 23:05:19.683182.jpg,1,1
training_2025-06-10 23:05:20.667891.jpg,1,0
training_2025-06-10 23:05:21.678380.jpg,1,1
training_2025-06-10 23:05:22.677945.jpg,1,1
training_2025-06-10 23:05:23.682114.jpg,1,0
training_2025-06-10 23:05:24.674821.jpg,1,1
training_2025-06-10 23:05:25.677120.jpg,1,1
training_2025-06-10 23:05:26.680860.jpg,1,1
training_2025-06-10 23:05:27.681631.jpg,1,0
training_2025-06-10 23:05:28.672946.jpg,1,1
training_2025-06-10 23:05:29.684204.jpg,1,1
training_2025-06-10 23:05:30.678315.jpg,1,0
training_2025-06-10 23:05:31.702553.jpg,1,1
training_2025-06-10 23:05:32.712641.jpg,1,1
training_2025-06-10 23:05:33.745359.jpg,1,0
training_2025-06-10 23:05:34.742059.jpg,1,1
training_2025-06-10 23:05:35.744879.jpg,1,0
training_2025-06-10 23:05:36.744091.jpg,1,0
training_2025-06-10 23:05:37.747995.jpg,1,1
training_2025-06-10 23:05:38.748379.jpg,1,1
training_2025-06-10 23:05:39.740242.jpg,1,1
training_2025-06-10 23:05:40.745629.jpg,1,1
training_2025-06-10 23:05:41.752854.jpg,1,0
training_2025-06-10 23:05:42.771666.jpg,1,1
training_2025-06-10 23:05:43.781294.jpg,1,1
training_2025-06-10 23:05:44.782954.jpg,1,0
training_2025-06-10 23:05:45.782413.jpg,1,1
training_2025-06-10 23:05:46.783292.jpg,1,1
training_2025-06-10 23:05:47.784565.jpg,1,0
training_2025-06-10 23:05:48.785879.jpg,1,0
training_2025-06-10 23:05:49.781871.jpg,1,1
training_2025-06-10 23:05:50.781729.jpg,1,1
training_2025-06-10 23:05:51.796847.jpg,1,1
training_2025-06-10 23:05:52.785512.jpg,1,0
training_2025-06-10 23:05:53.786367.jpg,1,1
training_2025-06-10 23:05:54.780278.jpg,1,1
training_2025-06-10 23:05:55.785767.jpg,1,1
training_2025-06-10 23:05:56.785918.jpg,1,1
training_2025-06-10 23:05:57.788876.jpg,1,0
training_2025-06-10 23:05:58.782100.jpg,1,1
training_2025-06-10 23:05:59.782256.jpg,1,1
training_2025-06-10 23:06:00.779826.jpg,1,1
training_2025-06-10 23:06:01.785430.jpg,1,1
training_2025-06-10 23:06:02.782998.jpg,1,0
training_2025-06-10 23:06:03.784530.jpg,1,1
training_2025-06-10 23:06:04.803168.jpg,1,0
